seqName,insertions
"003/XM/2010",""
"01011Y","9:C;99:CCCCCAA;136:C;713:CTGTG;749:CTTA;760:CAAA;7351:TGTAC"
"02_0_023","119:TT;702:T;742:TC"
"02_0_024","88:G;120:TT;703:T;743:TC"
"02_0_035","63:A;120:TT;703:T;733:ACC;744:AAT"
"02_0_049","118:TT;702:T;742:TC;4135:A;7061:T"
"02_0_060","119:TT;700:G;740:AAT;7061:T"
"02_0_065","119:TT;702:T;742:TC"
"02_0_068","119:TT;702:T;742:TC;4135:A"
"02_0_070","88:G;120:TT;703:T;743:TC"
"02_0_071","119:TT;303:T;703:T;743:TC"
"02_0_072","119:TT;702:T;742:TC;4135:A;7061:T"
"02_0_079","95:C;120:TT;703:T;743:TC"
"02_0_083","119:TT;702:T;742:TC;4135:A"
"02_0_090","119:TT;702:T;742:TC"
"02_1_005","119:TT;702:T;742:TC;4135:A"
"02_1_008","119:TT;702:T;742:TY"
"02_1_042","88:G;120:TT;703:T;743:TC"
"02_1_043","119:TT;702:T;742:TC"
"02_1_055","119:TT;702:T;742:TC;4135:A"
"02_1_065","119:TT;702:T;742:TC"
"02_1_067","63:A;120:TT;694:C;733:ACC;744:AAT"
"02363_Thai_02","9:C;129:GC;732:ACC;743:AGT;3821:T"
"03_0_002","119:TT;702:T;742:TC;4135:A"
"03_0_003","119:TT;702:T;742:TC"
"03_KOR_00","9:C;91:TT;131:AC;730:G;745:TT;3820:T"
"06_KOR_00","9:C;83:T;130:AC;729:G;744:TT;3819:T"
"0964/SYD/98","9:C;87:G;130:AC;690:AT;705:G;746:CC"
"1/SHENZHEN/08/China/HFMD/2008","98:CAG;131:C;703:GT;748:TAAA;7345:ATA"
"109/EV71/Wenzhou/CHN/2014","9:C;99:CAG;132:C;704:TT;729:C;750:TAAA;7333:TTAGAGG"
"1095_LPS1","9:C;83:T;130:AC;690:AT;705:GT;733:G;748:TC"
"1095_org","9:C;83:T;130:AC;690:AT;705:GT;733:G;748:TC"
"11/EV71/Wenzhou/CHN/2014","9:C;99:CAG;132:C;155:GCGCT;709:TT;734:C;755:TAAA;7341:G"
"116/EV71/Wenzhou/CHN/2014","9:C;99:CAG;132:C;703:GT;749:CAAA;7340:TGTAC"
"121/SHENZHEN/08/China/HFMD_Fatal/2008","98:CAG;131:C;703:G;706:T;748:TAAA"
"1235","0:T;700:GT;745:TAAA;7331:G"
"1245a/98/tw","0:T;10:C;92:T;98:TC;133:AC;693:AT;708:G;749:TC"
"1M_AUS_12_00","9:C;129:GC;732:ACC;743:AGT;3821:T"
"2006_52_9","0:T;10:C;100:CAG;133:C;705:GT;750:TAAA;7347:ATA"
"2007_07364","95:TC;130:AT;703:GT;735:AAC;742:AT"
"2007_08747","63:A;120:TT;703:T;743:TC"
"2008_00643","63:A;89:G;129:CA;578:C;714:T;723:ACCTTATAC;748:AT;7338:TTAGAGG"
"2008_07776","63:A;89:G;129:CA;578:C;714:T;723:ACCTTATAC;748:AT;7072:T;7339:TTAGAGG"
"2008_43_16","0:T;10:C;130:C;702:TT;741:TAG;7343:ATA"
"2009_02877",""
"2009_03531","63:A;120:TT;703:T;743:TC"
"2010FJLY008","128:C;700:T;721:TATCTCGACC;7341:TGTAC"
"202/Jingdezhen/China/HFMD_Severe/2011","9:C;129:C;701:T;745:TAAA;3806:G;7332:G"
"236_TW86","9:C;102:G;121:TG;743:TT;6167:T"
"237_TW86","9:C;94:TT;122:TG;744:TT;6168:T"
"238_TW86","9:C;102:G;121:TG;743:TT;6167:T"
"244_TW86","9:C;102:G;121:TG;743:TT;6167:T"
"252_TW86","9:C;96:C;121:TG;743:TT;6167:T"
"266_TW86","9:C;102:G;121:TG;743:TT;6167:T"
"26M/AUS/4/99","9:C;64:A;120:AT;704:T;721:CT;744:AGT"
"26M/AUS/4/99/GuaR1",""
"28/SHENZHEN/08/China/HFMD/2008","128:C;700:GT;745:TAAA;7342:ATA"
"306A","9:C;99:CAG;132:C;704:GT;749:TAAA;7337:GGC"
"306B","9:C;99:CAG;132:C;712:C;748:TAAA;7345:ATA"
"3149","9:C;64:A;90:G;130:CA;579:C;715:T;724:ACCTTATAC;749:AT;7073:T;7340:TTAGAGG"
"35/Jingdezhen/China/HFMD_Severe/2011","9:C;129:C;701:TT;746:TAAA;3807:G;7333:G;7363:G"
"3799_SIN_98","9:C;64:A;120:AT;182:T;705:T;722:CT;745:AGT;7351:TAC"
"4/EV71/Wenzhou/CHN/2014","9:C;99:CAG;132:C;155:GCGCT;708:CT;754:TAAA;7351:ATA"
"4/SHENZHEN/08/China/HFMD/2008","98:CAG;131:C;703:GT;748:TAAA;7345:ATA"
"4643_TW98","9:C;91:T;97:TC;132:AC;692:AT;707:G;748:TC"
"518_03F/SD/CHN/07","9:C;99:CAG;132:C;704:GT;749:TAAA;7346:ATA"
"521_18S/SD/CHN/07","9:C;129:C;702:TC;746:TAAA;7343:ATA"
"522_04T/SD/CHN/07","9:C;99:CAG;132:C;704:GT;749:TAAA;6367:GATGTGAGTAAA;7358:ATA"
"523_05T/SD/CHN/07","9:C;129:C;702:TC;746:TAAA;7343:ATA"
"523_07T/SD/CHN/07","9:C;129:C;702:TC;746:TAAA;7343:ATA"
"540V/VNM/05","9:C;89:A;130:C;702:GT;747:TAAA;7344:ATA"
"5511_SIN_00","9:C;64:A;121:TT;702:G;719:GG;746:TC"
"605/SHENZHEN/08/China/HFMD_Severe/2008","98:CAG;131:C;703:TT;748:TAAA;7345:ATA"
"6F/AUS/6/99","9:C;87:G;130:AC;690:AT;705:G;746:CC"
"75_Yamagata_LPS1","9:C;129:C;701:G;745:TAAA;6363:GATGTGAGTAAA;7354:ATA"
"75_Yamagata_org","9:C;129:C;701:G;745:TAAA;6363:GATGTGAGTAAA;7354:ATA"
"7F_AUS_6_99","9:C;91:TT;131:AC;744:TC"
"804/NO/03","9:C;91:TT;131:GC;734:ACC;746:GTC;3823:T"
"87_2008_Xi'an_Shaanxi","9:C;99:CAG;132:C;704:GT;749:TAAA;7337:GG"
"984","0:T;99:CAG;132:C;704:GT;749:TAAA;7346:ATA"
"A2011125","128:CT;702:T;732:ACC;745:TT"
"AFP2001064/EV71/GX/CHN/2001","9:C;99:CAG;132:C;704:GT;744:AG;7344:ATA;7384:C"
"AFP2001071/EV71/GX/CHN/2001","9:C;99:CAG;132:C;704:GT;744:AG;7344:GTA;7384:C"
"AH01","128:C;700:T;703:T;745:TAAA;7331:G;7395:CGC"
"AH08/06","9:C;99:CAG;132:C;704:GT;745:GCT;7345:ATA"
"Anhui1_09_China","8:C;99:CAG;132:C;704:GT;749:TAAA;7346:ATA"
"Anhui2007","9:C;99:CAG;132:C;704:GT;749:TAAA;7346:ATA"
"B5_03172_TW_2011","9:C;129:CT;703:T;733:ACC;746:TT;7386:CCCTCCA;7402:CC;7420:CTGGA"
"B5_96015_TW_2012","9:C;129:CT;703:T;733:ACC;746:TT"
"B5_NHRIH2011043_V110703172_TW_Nov_5_11",""
"BC08","9:C;129:C;701:TT;739:CTTA;750:CAAA;7336:G"
"BJ","0:T;99:CAG;132:C;704:TT;749:TAAA;7335:G"
"BJ01","128:C;700:TT;745:TAAA;7331:G"
"BJ02","128:C;700:TT;745:TAAA;7331:G"
"BJ06_SJS06","98:CAG;131:C;580:T;704:G;707:T;749:TAAA;7346:ATA"
"BJ08","128:C;700:GT;745:TAAA;7342:ATA"
"BJ08_Z004_3","9:C;99:CAG;132:C;704:GT;736:ACC;752:TAAA;6370:GATGTGAGTAAA;7361:GTA"
"BJ08_Z011_4","9:C;99:CAG;132:C;704:TT;749:TAAA;7335:G"
"BJ08_Z020_1","9:C;99:CAG;132:C;704:TT;749:TAAA;7335:G"
"BJ08_Z025_5","9:C;99:CAG;132:C;704:G;707:T;749:TAAA;7347:GAAT"
"BJ09/07","0:T;99:CAG;132:C;704:T;707:T;749:TAAA;7335:G"
"BJ110","9:C;129:C;702:TC;740:CAC;4273:A;7343:ATA"
"BJ293","9:C;94:T;130:C;707:CTGTG;750:TAAA;7336:G"
"BJ303","9:C;129:C;702:TC;746:TAAA;6390:C;7344:ATA"
"BJ366","9:C;99:CAG;132:C;704:GT;749:TAAA;7335:G"
"BJ393","9:C;99:CAG;132:C;704:GT;749:TAAA;7346:ATA"
"BJ398","9:C;129:C;701:TT;739:CTTA;750:TAAA;7336:G"
"BJ462","9:C;90:C;130:C;702:TT;747:TAAA;7333:G"
"BrCr",""
"BJ67","9:C;94:T;130:C;707:CTGTG;750:TAAA;7336:G"
"BJ97","9:C;99:CAG;132:C;704:GT;749:TAAA;7346:ATA"
"BRU/2006/35334","9:C;64:A;121:TT;743:AT;7063:C"
"BS","9:C;64:A;120:AT;704:T;721:CT;744:AGT"
"BZ200805","8:AG;100:CAG;133:C;705:GT;745:AG;5428:GC;7347:ATA;7412:C"
"C1/FY08_C30_P11","88:A;129:C;701:TT;746:TAAA;6390:T;7333:G"
"C1/FY08_C30_P9","88:A;129:C;701:TT;746:TAAA;6390:T;7333:G"
"C2_NHRIEV95528_TW_Jun_25_12",""
"C2/FY08_C30","88:A;129:C;701:TT;746:TAAA;6390:T;7333:G"
"C4","9:C;129:C;710:T;745:TAAA;7331:G"
"C4a_01585_TW_2011","699:TT;721:TATCTTGACC"
"C4a_70365_TW_2010","9:C;99:CAG;132:C;713:T;748:TAAA;7334:G;7412:G"
"C7/Osaka_LPS1","9:C;119:AT;703:T;720:CT;745:TC"
"C7/Osaka_org","9:C;119:AT;703:T;720:CT;745:TC"
"Chongqing1_09_China","9:C;129:C;710:T;725:CTTGACTCTC;7337:G"
"Chongqing2_09_China","9:C;83:T;130:C;702:TT;740:CTTA;751:TAAA;7348:GTA"
"Chongqing3_09_China","9:C;99:CAG;132:C;704:GT;749:TAAA;7346:ATA"
"cmuh_050530_5","88:A;129:C;702:TC;746:TAAA;7334:GG;7338:ATA"
"CQ03_1/CQ/CHN/2003","98:CAG;131:C;703:GT;728:CTTGACCTTC;7351:ATA"
"CSF_CH_06","87:C;129:AC;740:AGT;3818:T"
"DL71","0:T;10:C;701:G;745:TAAA;5181:A;5426:GC;6366:GATGTGAGTAAA"
"DTID/ZJU_62","9:C;99:CAG;132:C;704:T;748:TAAA;7334:G"
"DTID/ZJU_74","9:C;99:CAG;132:C;704:TT;749:TAAA;7335:G"
"E2002042_TW_CDC","0:T;10:C;65:A;131:CT;705:T;745:TC"
"E2004104_TW_CDC","9:C;89:A;130:C;702:GT;747:TAAA;1040:T;2919:CACC;2929:AA;7351:ATA"
"E2005125_TW","9:C;96:TC;131:AC;704:GT;736:AAC;743:AT;7347:TG"
"ENT/PM/SHA52","90:TT;130:AC;690:AT;705:G;744:AAT"
"ENT/PM/SHA71","90:TT;130:AC;690:AT;705:G;744:AAT"
"EV003_07","128:AC;688:AT;703:G;744:TC"
"EV034_06","98:CAG;131:C;703:G;747:TAAA;6365:GATGTGAGTAAA;7356:ATA"
"EV049_07","128:AC;688:AT;703:G;744:TC"
"EV053_07","128:AC;688:AT;703:G;744:TC"
"EV054_07","90:TT;118:TTGTGTAC;749:TC"
"EV063_04","91:T;96:TC;131:AC;734:ACC;745:AGT"
"EV073_07","128:AC;688:AT;703:G;744:TC"
"EV082_07","128:AC;688:AT;703:G;744:TC"
"EV090_07","128:AC;688:AT;703:G;744:TC"
"EV123_07","128:AC;688:AT;703:G;744:TC"
"EV71_Hubei_09_China","9:C"
"EV141_06","98:CAG;131:C;704:T;747:TAAA;6365:GATGTGAGTAAA;7356:ATA"
"EV144_06","98:CAG;131:C;703:G;747:TAAA;6365:GATGTGAGTAAA;7356:ATA"
"EV71/9/97/SHA89","63:A;119:AT;703:T;720:CT;743:AGT"
"EV71/Fuyang.Anhui.P.R.C/17.08/1","9:C;99:CAG;132:C;704:TT;749:TAAA;7335:G"
"EV71/Fuyang.Anhui.P.R.C/17.08/2","9:C;99:CAG;132:C;704:TT;749:TAAA;7335:G"
"EV71/Fuyang.Anhui.P.R.C/17.08/3","9:C;99:CAG;132:C;704:TT;749:TAAA;7335:G"
"EV71/GD10_12/2010","9:C;99:CAG;132:C;704:TT;749:TAAA;7335:G"
"EV71/GD10_45/2010","9:C;99:CAG;132:C;704:GT;749:TAAG;7346:ATA"
"EV71/GD10_7/2010","9:C;99:CAG;132:C;155:GCGCT;709:TT;754:TAAA;7342:GGT"
"EV71/GDFS/3/2008","9:C;89:A;130:C;702:G;746:TAAA;7332:G"
"EV71/GDSG/17/2008","9:C;99:CAG;132:C;704:GT;749:TAAA;7346:ATA"
"EV71/Henan/106/2009","9:C;99:CAG;132:C;747:TAAA;7333:GAGGT"
"EV71/Henan/294/2010","0:T;10:C;57:T;101:CAG;134:C;139:A;707:TT;746:CAG;7337:G;7415:G"
"EV71/Henan/399/2010","0:TT;7:AAC;133:C;705:T;749:TAAA;7335:G"
"EV71/HENAN/DC/2010","8:AG;100:CAG;133:C;705:TT;750:TAAA;7336:G"
"EV71/Homo_sapiens/KHM/260/2012","128:C;700:TT;738:CTTA;749:TAAA;7335:G"
"EV71/Homo_sapiens/KHM/269/2012","89:C;129:C;701:TT;739:CTTA;750:TAAA;7347:ATA"
"EV71/Homo_sapiens/KHM/268/2012","128:C;700:TT;738:CTTA;749:TAAA;7335:G"
"EV71/Homo_sapiens/KHM/271/2012","128:C;700:TT;745:TAAA;7331:G"
"EV71/Homo_sapiens/KHM/272/2012","128:C;700:TT;738:CTTA;749:TAAA;6393:T;7336:G"
"EV71/Homo_sapiens/KHM/274/2012","707:AC;741:TC;4134:A"
"EV71/Homo_sapiens/KHM/275/2012","128:C;700:TT;738:CTTA;749:TAAA;7335:G"
"EV71/Homo_sapiens/KHM/277/2012","128:C;151:GCGCT;705:TT;750:TAAA;7334:TAGAGGA"
"EV71/Homo_sapiens/KHM/280/2012","63:A;120:TT;710:AC;744:TC;4137:A"
"EV71/Homo_sapiens/KHM/284/2012","699:TT;724:C;745:TAAA"
"EV71/Homo_sapiens/KHM/285/2012","699:TT;737:CTTA;748:TAAA"
"EV71/Homo_sapiens/KHM/287/2012","128:C;700:TT;745:TAAA;7331:G"
"EV71/Homo_sapiens/KHM/293/2012","128:C;700:TT;738:CTTA;749:TAAA;7335:G"
"EV71/Homo_sapiens/KHM/295/2012","128:C;700:TT;738:CTTA;749:TAAA;7335:G"
"EV71/Homo_sapiens/KHM/298/2012","128:C;700:TT;738:CTTA;749:TAAA;7335:G"
"EV71/Homo_sapiens/KHM/297/2012","128:C;700:TT;738:CTTA;749:TAAA;6258:TA;7337:G"
"EV71/Homo_sapiens/KHM/299/2012","128:C;700:TT;738:CTTA;749:TAAA;7340:TATAC"
"EV71/Homo_sapiens/KHM/302/2012","97:CCA;131:C;703:TT;741:CTTA;752:TAAA;7338:G"
"EV71/Homo_sapiens/KHM/300/2012","128:C;700:TT;738:CTTA;749:TAAA;7351:CAC"
"EV71/Homo_sapiens/KHM/304/2012","128:C;700:TT;738:CTTA;749:TAAA;7335:G"
"EV71/Homo_sapiens/KHM/308/2012","699:TT;737:CTTA;748:TAAA"
"EV71/Homo_sapiens/KHM/309/2012","699:T;743:TAAA"
"EV71/Homo_sapiens/KHM/310/2012","128:C;700:TT;738:CTTA;749:TAAA;7335:G"
"EV71/Homo_sapiens/KHM/311/2012","89:C;129:C;701:TT;739:CTTA;750:TAAA;7336:G"
"EV71/Homo_sapiens/KHM/312/2012","128:T;700:TT;738:GCA"
"EV71/Homo_sapiens/KHM/313/2012","699:TT;737:CTTA;748:TAAA"
"EV71/Homo_sapiens/KHM/316/2013","98:CAG;131:C;154:GCGCT;708:TT;753:TAAA;7341:GGTTATG"
"EV71/Homo_sapiens/KHM/315/2013","128:C;700:TT;738:CTTA;749:TAAA;7335:G"
"EV71/Homo_sapiens/KHM/319/2013","699:TT;737:CTTA;748:TAAA"
"EV71/Homo_sapiens/KHM/330/2012","128:C;700:TT;738:CTTA;749:TAAA"
"EV71/Homo_sapiens/KHM/336/2012","127:G;700:TT;745:TAAA;7331:G"
"EV71/Homo_sapiens/KHM/342/2012","128:C;700:TT;725:C;746:TAAA;1876:CTGGAGGTTA"
"EV71/Homo_sapiens/KHM/351/2012","699:CT;737:CTTA;748:TAAA;6366:GATGTGAGTAAA"
"EV71/Homo_sapiens/KHM/352/2012","128:C;700:TT;726:TTGACCCTTA;7337:G"
"EV71/Homo_sapiens/KHM/353/2012","128:C;700:CT;738:CTTA;749:TAAA;6367:GATGTGAGTAAA;7358:ATA"
"EV71/Homo_sapiens/KHM/359/2012","98:CAG;131:C;154:GCGCT;708:TT;753:TAAA;7339:G"
"EV71/Homo_sapiens/KHM/360/2012","128:C;700:CT;738:CTTA;749:TAAA"
"EV71/Homo_sapiens/KHM/361/2012","128:C;700:TT;738:CTTA;749:TAAA;7335:G"
"EV71/Homo_sapiens/KHM/362/2012","128:C;700:TT;741:GCT;7330:G"
"EV71/Homo_sapiens/KHM/367/2012","128:C;700:G;724:CTTGACCCTC"
"EV71/Homo_sapiens/KHM/368/2012","128:C;700:TT;738:CTTA;749:TAAA;7335:G"
"EV71/Homo_sapiens/KHM/371/2012","119:TT;702:T;746:AAC;4136:A"
"EV71/Homo_sapiens/KHM/374/2012","89:CC;130:C;702:TT;747:TAAA"
"EV71/Homo_sapiens/KHM/375/2012","128:C;700:TT;738:CTTA;749:TAAA;7335:G"
"EV71/Homo_sapiens/KHM/376/2012","128:C;700:TT;738:CTTA;749:TAAA;7335:G"
"EV71/Homo_sapiens/KHM/377/2012","128:C;709:T;737:CTTA;748:TAAA;7334:G"
"EV71/Homo_sapiens/KHM/378/2012","128:C;700:TT;738:CTTA;749:TAAA;7335:G"
"EV71/Homo_sapiens/KHM/382/2012","128:C;700:TT;738:CTTA;749:TAAA;7335:G"
"EV71/Homo_sapiens/KHM/384/2012","128:C;700:TT;738:CTTA;749:TAAA;7335:G"
"EV71/Homo_sapiens/KHM/388/2012","128:C;151:GCGCT;705:TT;750:TAAA;7336:G"
"EV71/Homo_sapiens/KHM/392/2012","128:C;702:T;737:CTTA;748:TAAA;7334:G"
"EV71/Homo_sapiens/KHM/393/2012","128:C;700:TT;738:CTTA;749:TAAA;7337:GGT"
"EV71/Homo_sapiens/KHM/394/2012","128:C;700:CT;738:CTTA;749:TAAA;6367:GATGTGAGTAAA;7358:ATA"
"EV71/Homo_sapiens/KHM/397/2012","128:C;151:GCGCT;705:TT;750:TAAA"
"EV71/Homo_sapiens/KHM/398/2012","128:C;700:TT;738:CTTA;749:TAAA;7335:G"
"EV71/Homo_sapiens/KHM/400/XXXX","128:C;700:TT;738:CTTA;749:TAAA;7335:G"
"EV71/Homo_sapiens/VNM/1/2011","128:C;700:TT;738:CTTA;749:TAAA;7335:G"
"EV71/Homo_sapiens/VNM/10/2011","128:C;700:T;737:CTTA;748:TAAA"
"EV71/Homo_sapiens/VNM/101/2012","128:C;567:C;701:CT;739:CTTA;750:TAAA;7347:ATA"
"EV71/Homo_sapiens/VNM/103/2012","128:C;700:TT;738:CTTA;749:TAAA;7335:G"
"EV71/Homo_sapiens/VNM/105/2012","128:C;700:TT;738:CTTA;749:TAAA;7335:G"
"EV71/Homo_sapiens/VNM/107/2012","128:C;577:T;701:CT;739:CTTA;750:TAAA;7347:ATA"
"EV71/Homo_sapiens/VNM/108/2012","128:C;700:TT;738:CTTA;749:TAAA;7335:G"
"EV71/Homo_sapiens/VNM/109/2012","128:C;700:TT;738:CTTA;749:TAAA;7335:G"
"EV71/Homo_sapiens/VNM/11/2011","128:C;700:T;737:CTTA;748:TAAA"
"EV71/Homo_sapiens/VNM/110/2012","128:C;700:CT;738:CTTA;749:TAAA;7346:ATA"
"EV71/Homo_sapiens/VNM/111/2012","128:C;700:TT;738:CTTA;749:TAAA;7335:G"
"EV71/Homo_sapiens/VNM/113/2012","119:TT;702:T;719:GC;744:TC;4137:A"
"EV71/Homo_sapiens/VNM/114/2012","128:C;700:T;724:C;745:TAAA;7331:G"
"EV71/Homo_sapiens/VNM/116/2012","128:C;700:TT;738:GCA;7330:G"
"EV71/Homo_sapiens/VNM/117/2012","128:C;700:T;737:CTTA;748:TAAA"
"EV71/Homo_sapiens/VNM/119/2012","128:C;700:TT;738:CTTA;749:TAAA;7335:G"
"EV71/Homo_sapiens/VNM/12/2011","128:C;700:T;737:CTTA;748:TAAA"
"EV71/Homo_sapiens/VNM/121/2012","119:TT;702:T;719:GC;744:TC;4137:A"
"EV71/Homo_sapiens/VNM/122/2012","128:C;700:TT;738:CTTA;749:TAAA;7335:G"
"EV71/Homo_sapiens/VNM/123/2012","119:TT;702:T;719:GC;744:TC;4137:A"
"EV71/Homo_sapiens/VNM/127/2012","128:C;700:TT;745:TAAA;7333:GGT"
"EV71/Homo_sapiens/VNM/128/2012","128:C;700:T;737:CTTA;748:TAAA"
"EV71/Homo_sapiens/VNM/129/2012","119:TT;702:T;742:TC;4135:A"
"EV71/Homo_sapiens/VNM/13/2011","128:C;700:TT;738:CTTA;749:TAAA;7335:G"
"EV71/Homo_sapiens/VNM/130/2012","128:C;700:T;724:C;745:TAAA;7331:G"
"EV71/Homo_sapiens/VNM/131/2012","128:C;700:TT;738:CTTA;749:TAAA;7335:G"
"EV71/Homo_sapiens/VNM/132/2012","128:C;700:T;737:CTTA;748:TAAA"
"EV71/Homo_sapiens/VNM/133/2012","128:CT;702:T;732:ACC;745:TT"
"EV71/Homo_sapiens/VNM/134/2012","128:C;700:TT;738:CTTA;749:TAAA;7335:G"
"EV71/Homo_sapiens/VNM/135/2012","128:C;700:TT;738:CTTA;749:TAAA;7335:G"
"EV71/Homo_sapiens/VNM/136/2012","128:C;700:TT;745:TAAA;7333:GGT"
"EV71/Homo_sapiens/VNM/138/2012","128:C;700:TT;738:CTTA;749:TAAA;4042:G;7336:G"
"EV71/Homo_sapiens/VNM/14/2011","128:C;700:T;724:C;745:TAAA;7331:G"
"EV71/Homo_sapiens/VNM/142/2012","128:C;700:TT;738:CTTA;749:TAAA;7335:G"
"EV71/Homo_sapiens/VNM/143/2012","128:C;700:TT;738:CTTA;749:TAAA;7335:G"
"EV71/Homo_sapiens/VNM/144/2012","128:C;700:TT;745:TAAA;7333:GGT"
"EV71/Homo_sapiens/VNM/148/2012","128:C;700:TT;738:CTTA;749:TAAA;7335:G"
"EV71/Homo_sapiens/VNM/149/2012","89:C;129:C;701:TT;730:ACCCTTAACG;7338:G"
"EV71/Homo_sapiens/VNM/15/2011","95:TC;130:AT;703:GT;711:T;736:AAC;743:AT;7069:C;7348:TG"
"EV71/Homo_sapiens/VNM/150/2012","89:C;129:C;701:TT;739:CTTA;750:TAAA;7336:G"
"EV71/Homo_sapiens/VNM/151/2012","89:C;129:C;701:TT;739:CTTA;750:TAAA;7336:G"
"EV71/Homo_sapiens/VNM/152/2012","119:TT;702:T;742:TC;4135:A"
"EV71/Homo_sapiens/VNM/153/2012","128:C;700:TT;738:CTTA;749:TAAA;7335:G"
"EV71/Homo_sapiens/VNM/154/2012","128:C;700:TT;745:TAAA;7333:GGT"
"EV71/Homo_sapiens/VNM/155/2012","128:C;700:CT;738:CTTA;749:TAAA;6367:GATGTGAGTAAA;7358:ATA"
"EV71/Homo_sapiens/VNM/156/2012","128:T;700:TT;738:CTTA;749:TAAA;7335:G"
"EV71/Homo_sapiens/VNM/157/2012","128:C;700:TT;722:TATCTTGACC;7337:G"
"EV71/Homo_sapiens/VNM/159/2012","128:C;708:C;744:TAAA;6388:T"
"EV71/Homo_sapiens/VNM/16/2011","128:C;700:T;737:CTTA;748:TAAA"
"EV71/Homo_sapiens/VNM/160/2012","128:C;700:T;739:AGT;7329:G"
"EV71/Homo_sapiens/VNM/161/2012","128:C;700:TT;745:TAAA;7333:GGT"
"EV71/Homo_sapiens/VNM/162/2012","128:C;700:TT;745:TAAA;7333:GGT"
"EV71/Homo_sapiens/VNM/163/2012","128:C;700:TT;745:TAAA;7333:GGT"
"EV71/Homo_sapiens/VNM/164/2012","89:C;129:C;701:TT;739:CTTA;750:TAAA;7336:G"
"EV71/Homo_sapiens/VNM/166/2012","128:C;700:TT;738:CTTA;749:TAAA"
"EV71/Homo_sapiens/VNM/167/2012","128:C;708:C;744:TAAA;6388:T;7342:ATA"
"EV71/Homo_sapiens/VNM/168/2012","63:A;120:TT;703:T;733:ACC;746:TT"
"EV71/Homo_sapiens/VNM/169/2012","128:C;700:TT;738:CTTA;749:TAAA"
"EV71/Homo_sapiens/VNM/17/2011","95:TC;130:AT;703:GT;735:AAC;742:AT"
"EV71/Homo_sapiens/VNM/170/2012","128:C;700:TT;738:CTTA;749:TAAA;7335:G"
"EV71/Homo_sapiens/VNM/171/2012","119:TT;702:T;742:TC"
"EV71/Homo_sapiens/VNM/173/2012","98:CAG;131:C;154:GCGCT;708:TT;753:TAAA;7336:TTAGAGG"
"EV71/Homo_sapiens/VNM/174/2012","119:TT;702:T;742:TC"
"EV71/Homo_sapiens/VNM/175/2012","128:C;700:TT;738:CTTA;749:TAAA"
"EV71/Homo_sapiens/VNM/176/2012","119:TT;702:T;742:TC;4135:A"
"EV71/Homo_sapiens/VNM/177/2012","119:TT;702:T;742:TC;7062:C"
"EV71/Homo_sapiens/VNM/178/2012","128:C;700:TT;738:CTTA;749:TAAA"
"EV71/Homo_sapiens/VNM/179/2012","119:TT;702:T;742:TT"
"EV71/Homo_sapiens/VNM/180/2012","119:TT;702:T;742:TC;4135:A;7060:T"
"EV71/Homo_sapiens/VNM/184/2012","128:C;700:TT;738:CTTA;749:TAAA;7335:G"
"EV71/Homo_sapiens/VNM/185/2012","119:TT;702:T;742:TC;4135:A"
"EV71/Homo_sapiens/VNM/186/2011","128:C;743:TAAA;7329:G"
"EV71/Homo_sapiens/VNM/189/2011","128:C;700:T;724:C;745:TAAA;7331:G"
"EV71/Homo_sapiens/VNM/19/2011","128:C;700:T;724:C;745:TAAA;7331:G"
"EV71/Homo_sapiens/VNM/191/2011","95:CC;130:AT;703:GT;735:AAT;742:AT"
"EV71/Homo_sapiens/VNM/192/2011","119:TT;702:T;742:TC;4135:A"
"EV71/Homo_sapiens/VNM/193/2011","128:C;700:T;737:CTTA;748:TAAA;7334:G"
"EV71/Homo_sapiens/VNM/195/2011","95:TC;130:AT;703:GT;735:AAC;742:AT"
"EV71/Homo_sapiens/VNM/196/2011","128:C;700:T;737:CTTA;748:TAAA;7334:G"
"EV71/Homo_sapiens/VNM/197/2011","128:C;743:TAAA;7329:G"
"EV71/Homo_sapiens/VNM/198/2011","128:C;700:TT;738:GCA;7330:G"
"EV71/Homo_sapiens/VNM/199/2011","95:TC;130:AT;703:GT;711:T;736:AAC;743:AT;7069:C;7348:TG"
"EV71/Homo_sapiens/VNM/2/2011","89:CC;130:C;702:TT;740:CTTA;751:TAAA;7337:G"
"EV71/Homo_sapiens/VNM/200/2011","128:C;700:T;703:T;738:CTTA;749:TAAA;7335:G"
"EV71/Homo_sapiens/VNM/202/2011","128:C;743:TAAA;7329:G"
"EV71/Homo_sapiens/VNM/205/2011","128:C;700:TT;722:TATCTTGACC;7337:G"
"EV71/Homo_sapiens/VNM/206/2011","128:C;700:T;724:C;745:TAAA;7331:G"
"EV71/Homo_sapiens/VNM/208/2011","128:C;700:TT;738:GCA;7330:G"
"EV71/Homo_sapiens/VNM/209/2011","128:C;700:T;724:C;745:TAAA;7331:G"
"EV71/Homo_sapiens/VNM/210/2011","128:C;700:TT;738:GCA;7330:G"
"EV71/Homo_sapiens/VNM/211/2011","128:C;700:T;724:C;745:TAAA;7331:G"
"EV71/Homo_sapiens/VNM/212/2011","128:C;700:TT;722:TATCTTGACC;7337:G"
"EV71/Homo_sapiens/VNM/213/2011","128:C;700:TT;745:TAAA;7331:G"
"EV71/Homo_sapiens/VNM/215/2011","128:C;700:CT;738:CTTA;749:TAAA;7346:ATA"
"EV71/Homo_sapiens/VNM/216/2011","128:C;700:T;724:C;745:TAAA;7331:G"
"EV71/Homo_sapiens/VNM/218/2011","128:C;700:TT;738:CTTA;749:TAAA;7335:G"
"EV71/Homo_sapiens/VNM/219/2011","128:T;700:TT;738:CTTA;749:TAAA;6367:GATGTGAGTAAA;7347:G"
"EV71/Homo_sapiens/VNM/22/2011","128:C;700:TT;738:CTTA;749:TAAA;6393:T;7336:G"
"EV71/Homo_sapiens/VNM/221/2011","128:C;700:TT;738:CTTA;749:TAAA;7335:G"
"EV71/Homo_sapiens/VNM/222/2011","128:C;700:TT;738:CTTA;749:TAAA;7335:G"
"EV71/Homo_sapiens/VNM/225/2011","128:C;700:C;737:CTTA;748:TAAA;7345:ATA"
"EV71/Homo_sapiens/VNM/227/2011","128:C;700:TT;738:CTTA;749:TAAA;7335:G"
"EV71/Homo_sapiens/VNM/228/2011","128:C;700:T;737:CTTA;748:TAAA"
"EV71/Homo_sapiens/VNM/229/2011","128:C;700:CT;738:CTTA;749:TAAA;7346:ATA"
"EV71/Homo_sapiens/VNM/23/2011","128:C;700:TT;738:CTTA;749:TAAA;7335:G"
"EV71/Homo_sapiens/VNM/230/2011","128:C;700:TT;738:CTTA;749:TAAA;7335:G"
"EV71/Homo_sapiens/VNM/233/2011","128:C;700:TT;738:CTTA;749:TAAA;7335:G"
"EV71/Homo_sapiens/VNM/235/2011","128:C;700:TT;738:GCA;7330:G"
"EV71/Homo_sapiens/VNM/236/2011","128:C;700:CT;738:CTTA;749:TAAA;7346:ATA"
"EV71/Homo_sapiens/VNM/237/2011","128:C;700:TT;738:CTTA;749:TAAA;7335:G"
"EV71/Homo_sapiens/VNM/238/2011","128:C;700:TT;738:CTTA;749:TAAA;7335:G"
"EV71/Homo_sapiens/VNM/24/2011","128:C;700:TT;738:CTTA;749:TAAA;7335:G"
"EV71/Homo_sapiens/VNM/241/2011","128:C;700:CT;745:TAAA;7342:ATA"
"EV71/Homo_sapiens/VNM/242/2011","128:C;700:TT;745:TAAA;7331:G"
"EV71/Homo_sapiens/VNM/243/2011","128:C;700:TT;738:GCA;7330:G"
"EV71/Homo_sapiens/VNM/245/2011","128:C;700:TT;738:CTTA;749:TAAA;7335:G"
"EV71/Homo_sapiens/VNM/246/2011","128:C;700:TT;745:TAAA;7333:GGT"
"EV71/Homo_sapiens/VNM/247/2011","128:C;700:TT;738:CTTA;749:TAAA;7335:G"
"EV71/Homo_sapiens/VNM/249/2011","128:C;700:TT;738:CTTA;749:TAAA;6367:GATGTGAGTAAA;7347:G"
"EV71/Homo_sapiens/VNM/25/2011","128:C;700:TT;738:CTTA;749:TAAA;7335:G"
"EV71/Homo_sapiens/VNM/250/2011","128:C;700:TT;738:CTTA;749:TAAA;6393:T"
"EV71/Homo_sapiens/VNM/26/2011","128:C;700:TT;745:TAAA;7333:GGT"
"EV71/Homo_sapiens/VNM/27/2011","128:C;700:TT;745:TAAA;7333:GGT"
"EV71/Homo_sapiens/VNM/28/2011","128:C;700:TT;738:CTTA;749:TAAA;7335:G"
"EV71/Homo_sapiens/VNM/29/2011","128:C;700:TT;738:CTTA;749:TAAA;7335:G"
"EV71/Homo_sapiens/VNM/3/2011","128:C;700:TT;738:GCA;7330:G"
"EV71/Homo_sapiens/VNM/31/2011","128:C;700:TT;737:CG;7329:G"
"EV71/Homo_sapiens/VNM/32/2011","128:C;700:TT;745:TAAA;7333:GGT"
"EV71/Homo_sapiens/VNM/33/2011","128:C;700:TT;738:CTTA;749:TAAA;7335:G"
"EV71/Homo_sapiens/VNM/34/2011","128:C;700:TT;745:TAAA;7333:GGT"
"EV71/Homo_sapiens/VNM/35/2011","128:C;700:TT;738:CTTA;749:TAAA;7335:G"
"EV71/Homo_sapiens/VNM/36/2011","128:C;700:T;724:C;745:TAAA;7331:G"
"EV71/Homo_sapiens/VNM/37/2011","128:C;700:TT;745:TAAA;7333:GGT"
"EV71/Homo_sapiens/VNM/38/2011","128:C;700:TT;738:CTTA;749:TAAA;7335:G"
"EV71/Homo_sapiens/VNM/39/2011","128:C;700:TT;738:CTTA;749:TAAA;7335:GAGGT"
"EV71/Homo_sapiens/VNM/4/2011","128:C;700:TT;738:CTTA;749:TAAA;7335:G"
"EV71/Homo_sapiens/VNM/40/2011","128:C;700:TT;738:CTTA;749:TAAA;7335:G"
"EV71/Homo_sapiens/VNM/41/2011","128:C;700:TT;745:TAAA;7333:GGT"
"EV71/Homo_sapiens/VNM/42/2011","128:C;700:TT;738:CTTA;749:TAAA;7335:G"
"EV71/Homo_sapiens/VNM/43/2012","128:C;700:T;724:C;745:TAAA;7331:G"
"EV71/Homo_sapiens/VNM/44/2012","128:C;700:T;724:C;745:TAAA;7331:G"
"EV71/Homo_sapiens/VNM/45/2012","128:C;700:T;737:CTTA;748:TAAA"
"EV71/Homo_sapiens/VNM/46/2012","128:C;700:TT;738:CTTA;749:TAAA;7335:G"
"EV71/Homo_sapiens/VNM/47/2012","128:C;700:TT;745:TAAA;7333:GGT"
"EV71/Homo_sapiens/VNM/49/2012","128:C;700:TT;738:CTTA;749:TAAA;7335:G"
"EV71/Homo_sapiens/VNM/5/2011","95:TC;130:AT;703:GT;711:T;736:AAC;743:AT;7069:C;7348:TG"
"EV71/Homo_sapiens/VNM/50/2012","128:C;700:T;737:CTTA;748:TAAA;7334:G"
"EV71/Homo_sapiens/VNM/51/2012","128:C;700:TT;725:C;746:TAAA;7332:G"
"EV71/Homo_sapiens/VNM/52/2012","128:C;700:TT;738:CTTA;749:TAAA;7335:G"
"EV71/Homo_sapiens/VNM/53/2012","95:TC;130:AT;703:GT;711:T;736:AAC;743:AT;7069:C;7348:TG"
"EV71/Homo_sapiens/VNM/54/2012","128:C;700:T;724:C;745:TAAA;7331:G"
"EV71/Homo_sapiens/VNM/55/2012","128:C;700:TT;738:CTTA;749:TAAA;7335:G"
"EV71/Homo_sapiens/VNM/57/2012","128:C;700:TT;738:CTTA;749:TAAA;7335:G"
"EV71/Homo_sapiens/VNM/58/2012","128:C;700:TT;738:CTTA;749:TAAA;7335:G"
"EV71/Homo_sapiens/VNM/59/2012","128:C;700:TT;738:CTTA;749:TAAA;7335:G"
"EV71/Homo_sapiens/VNM/6/2011","128:C;700:T;724:C;745:TAAA;7331:G"
"EV71/Homo_sapiens/VNM/61/2012","128:C;700:TT;738:CTTA;749:TAAA;7335:G"
"EV71/Homo_sapiens/VNM/62/2012","119:TT;702:T;719:GC;744:TC;4137:A"
"EV71/Homo_sapiens/VNM/63/2012","128:C;700:CT;738:CTTA;749:TAAA;7337:GG;7341:ATA"
"EV71/Homo_sapiens/VNM/64/2012","128:C;700:TT;745:TAAA;7331:G"
"EV71/Homo_sapiens/VNM/66/2012","128:C;700:TT;745:TAAA;7331:G"
"EV71/Homo_sapiens/VNM/67/2012","128:C;700:TT;738:CTTA;749:TAAA;7335:G"
"EV71/Homo_sapiens/VNM/7/2011","128:C;700:TT;738:CTTA;749:TAAA;7335:G"
"EV71/Homo_sapiens/VNM/71/2012","128:C;700:TT;745:TAAA;7333:GGT"
"EV71/Homo_sapiens/VNM/72/2012","128:C;700:T;724:C;745:TAAA;7331:G"
"EV71/Homo_sapiens/VNM/73/2012","128:C;700:TT;745:TAAA;7333:GGT"
"EV71/Homo_sapiens/VNM/75/2012","128:C;700:TT;738:CTTA;749:TAAA;6393:T;7336:G"
"EV71/Homo_sapiens/VNM/77/2012","128:C;700:TT;745:TAAA;7333:GGT"
"EV71/Homo_sapiens/VNM/78/2012","128:C;700:TT;745:TAAA;7333:GGT"
"EV71/Homo_sapiens/VNM/79/2012","128:C;708:C;737:CTTA;748:TAAA;6392:T;7346:ATA"
"EV71/Homo_sapiens/VNM/8/2011","128:C;700:TT;738:CTTA;749:TAAA;7337:GGT"
"EV71/Homo_sapiens/VNM/80/2012","128:C;700:TT;738:CTTA;749:TAAA;7335:G"
"EV71/Homo_sapiens/VNM/89/2012","128:C;700:TT;745:TAAA;7333:GGT"
"EV71/Homo_sapiens/VNM/9/2011","128:C;700:TT;745:TAAA;7331:G"
"EV71/Homo_sapiens/VNM/90/2012","128:C;700:TT;738:CTTA;749:TAAA;7335:G"
"EV71/Homo_sapiens/VNM/91/2012","128:C;709:T;737:CTTA;748:TAAA;5428:AC;7336:G"
"EV71/Homo_sapiens/VNM/93/2012","128:C;700:TT;745:TAAA;7333:GGT"
"EV71/Homo_sapiens/VNM/94/2012","95:TC;130:AT;703:GT;711:T;736:AAC;743:AT;7069:C;7348:TG"
"EV71/Homo_sapiens/VNM/96/2012","128:C;700:TT;738:CTTA;749:TAAA;7335:G"
"EV71/Homo_sapiens/VNM/97/2012","128:C;701:TC;738:CTTA;749:TAAA;7340:TGTAC"
"EV71/Homo_sapiens/VNM/98/2012","127:G;700:T;724:C;745:TAAA;7331:G"
"EV71/Homo_sapiens/VNM/99/2012","128:C;700:TT;738:CTTA;749:TAAA;7335:G"
"EV71/Hubei_XF/CHN/2010","9:C;99:CAG;132:C;704:TT;736:ACC;752:TAAA;7338:G"
"EV71/Hun11_32/2011","0:T;10:C;100:CAG;133:C;156:GCGCT;710:TT;732:TATCTTGACC;7347:G"
"EV71/Hun11_4/2011","9:C;99:CAG;132:C;155:GCGCT;709:TT;734:C;752:CT;7341:GGT"
"EV71/Hun12_10/2012","9:C;99:CAG;132:C;155:GCGCT;709:TT;754:TAAA;7340:G"
"EV71/Hun12_14/2012","9:C;129:C;701:TT;726:C;747:TAAA;7333:G;7363:G"
"EV71/Jinan1002","9:C;129:C;701:TT;746:TGAA;7332:G"
"EV71/Jinan1004","9:C;99:CAG;132:C;704:TT;749:TAAA;7335:G"
"EV71/Jinan1005","9:C;129:C;701:TT;746:TAAA;7332:G"
"EV71/Jinan1006","9:C;129:C;701:TT;746:TAAA;6396:T;7333:G"
"EV71/JN200803","9:C;99:CAG;132:C;704:TT;749:TAAA;7335:G"
"EV71/JN200804","9:C;129:C;701:TT;746:TAAA;7332:G"
"EV71/Lanzhou01","9:C;99:CAG;132:C;709:CTGTG;731:TCTTGACCTT;7344:G"
"EV71/Ningbo.CHN/001/2010","9:C;129:C;701:TT;739:CTTA;750:TAAA;7336:G"
"EV71/Ningbo.CHN/002/2010","9:C;129:C;701:TT;723:TATCTCGACC;7338:G"
"EV71/Ningbo.CHN/061/2011","0:T;10:C;100:CAG;133:C;705:TT;750:TAAA;5430:AC;7338:G"
"EV71/Ningbo.CHN/065/2010","0:T;10:C;100:CAG;133:C;705:TT;750:TAAA;7336:G"
"EV71/Ningbo.CHN/069/2010","9:C;129:C;701:TT;746:TAAA;7332:G"
"EV71/Ningbo.CHN/076/2009","9:C;129:C;701:TT;746:TAAA;7332:GAGGT"
"EV71/Ningbo.CHN/087/2009","9:C;128:T;701:TT;733:ACC;749:TAAA;7335:G"
"EV71/Ningbo.CHN/103/2009","9:C;99:CCGG;132:T;705:TT;750:TAAA;7336:G"
"EV71/Ningbo.CHN/107_2/2009","0:T;10:C;100:CAG;133:C;705:TT;750:TAAA;7336:GAGGT"
"EV71/Ningbo.CHN/107/2009","9:C;128:T;701:TT;733:ACC;749:TAAA;7335:G"
"EV71/NX10_147/2010","9:C;90:CC;131:C;703:TT;735:ACC;744:GCA;7336:GAGGT"
"EV71/NX10_36/2010","0:T;99:CAG;132:C;704:TT;749:TAAA;7335:G"
"EV71/P1027/2013/China","9:C;99:CCCCCAA;136:C;708:TT;753:CAAA;7350:GTA"
"EV71/P1031/2013/China","9:C;99:CAG;132:C;155:GCGCT;708:CT;749:AGT;7350:ATA"
"EV71/P1034/2013/China","9:C;129:C;701:TT;746:TAAA;7330:TAGAGGC"
"EV71/P123/2013/China","9:C;99:CAG;132:C;155:GCGCT;708:CT;749:AGT;2882:GG;7341:G"
"EV71/P156/2013/China","9:C;99:CAG;132:C;155:GCGCT;709:TT;747:CTCA;758:TAAA;7344:G"
"EV71/P16/2013/China","9:C;99:CAG;132:C;155:GCGCT;708:CT;749:AGT;7339:G"
"EV71/P222/2013/China","9:C;99:CAG;132:C;155:GCGCT;708:CT;731:TATCTTGACC;7346:G"
"EV71/P267/2013/China","9:C;99:CAG;132:C;155:GCGCT;708:CT;749:AG;7338:G"
"EV71/P352/2013/China","9:C;99:CAG;132:C;704:TT;729:CTTGACCCTC;7352:ATA"
"EV71/P40/2013/China","9:C;99:CAG;132:C;155:GCGCT;708:CT;749:AGT;7339:G"
"EV71/P454/2013/China","9:C;99:CCCCCAA;136:C;713:CTGTG;749:CTTA;760:CAAA;7348:GGTTG"
"EV71/P63/2013/China","9:C;99:CCCCCAA;136:C;713:CTGTG;756:CAAA;7347:TGTAC"
"EV71/P654/2013/China","9:C;99:CAG;132:C;155:GCGCT;708:CT;749:AGT;7339:G"
"EV71/P868/2013/China","9:C;99:CAG;132:C;155:GCGCT;710:TTC;735:C;756:TAAA;7342:G"
"EV71/P977/2013/China","9:C;99:CCCCCAA;136:C;708:T;745:CTTA;756:CAAA;7347:TGTAC"
"EV71/P990/2013/China","9:C;99:CCCCCAA;136:C;713:CTGTG;749:CTTA;760:CAAA;7348:GGTTG"
"EV71/Queenmary/HongKong/2012","9:C;99:CAG;132:C;704:TT;749:TAAA;7335:G"
"EV71/wuhan/3018/2010","9:C"
"EV71/SAR/SHA63","63:A;119:AT;703:T;720:CT;743:AGT"
"EV71/SAR/SHA66","63:A;119:AT;703:T;720:CT;743:AGT"
"EV71/Xiamen/2009","9:C;120:TT;703:T;733:ACC;746:TC;7335:AC"
"EV71/Zhejiang08","0:T;10:C;100:CAG;133:C;705:GT;750:TAAA;7347:ATA"
"Fuyang_0805","9:C;99:CAG;132:C;704:TT;749:TAAA;7335:G"
"Fuyang_0805a","5418:GC"
"Fuyang200805","8:AG;84:T;131:C;703:TT;748:TAAA;7334:G;7404:A"
"FY08_C30_P14","88:A;129:C;701:TT;746:TAAA;6390:T;7333:G"
"FY08_C30_P2","88:A;129:C;701:TT;746:TAAA;6390:T;7333:G"
"FY0805","8:AG;84:T;131:C;703:TT;748:TAAA;7334:G;7404:A"
"FY17.08_4/AH/CHN/2008","98:CAG;131:C;703:TT;748:TAAA;7334:G"
"FY17.08_5/AH/CHN/2008","128:C;700:TT;745:TAAA;7331:G"
"FY17.08_6/AH/CHN/2008","98:CAG;131:C;703:TT;748:TAAA;7334:G"
"FY17.08_7/AH/CHN/2008","128:C;701:TC;745:TAAA;7342:ATA"
"FY17.08_8/AH/CHN/2008","98:CAG;131:C;703:TT;748:TAAA;7334:G"
"FY23","9:C;31:C;43:G;101:CAG;134:C;260:G;707:TT;752:TAAA;7338:G"
"FY23_K12","9:C;33:C;43:G;101:CAG;134:C;260:G;707:TT;752:TAAA;7338:G"
"FY23_K14","0:T;99:CAG;132:C;704:TT;749:TAAA;7335:G"
"FY7VP5/AH/CHN/2008","9:C;129:C;702:TC;746:TAAA;7343:ATA"
"G288_927F/HeN/CHN/2009","9:C;99:CAG;132:C;704:TT;749:TAAA;7335:G"
"G333_972F/HeN/CHN/2009","9:C;99:CAG;132:C;704:TT;749:TAAA;7335:G"
"G398_1037F/HeN/CHN/2009","9:C;129:C;701:TT;746:TAAA;7332:G"
"GD_DG2011_1","9:C;129:C;701:TT;733:ACC;749:TAAA;7335:G"
"GD_DG2011_2","9:C;129:C;701:TT;733:ACC;749:TAAA;7335:G"
"GD_DG2011_3","9:C;129:C;701:TT;733:ACC;749:TAAA;7335:G"
"GD_DG2011_5","9:C;129:C;701:TT;733:ACC;749:TAAA;7335:G"
"GD_DG2011_8","9:C;129:C;701:TT;733:ACC;749:TAAA;7335:G"
"GD_DG2011_9","9:C;99:CAG;132:C;704:TT;736:ACC;752:TAAA;7338:G;7388:GGT"
"GDV103","9:C;129:C;152:GCGCT;706:TT;751:TAAA;7339:GGT"
"Guangdong_2009","9:C;129:C;701:G;704:T;746:TAAA"
"GX/LZ_08_04/08/CHN","9:C;99:CAG;132:C;704:T;748:TAAA;7345:ATA"
"GZ_08_01","98:CAG;131:C;703:GT;748:CAAA;7345:ATA"
"GZ_08_02","128:C;709:T;744:TAAA;7332:GG;7336:ATA"
"GZ_08_03","98:CAG;131:C;703:TT;748:TAAA;7334:G"
"H3_TY","0:A;10:C;100:CAG;133:C;705:TT;750:TAAA;3925:T;7337:G"
"H8_1","9:C;99:CAG;132:C;704:GT;749:TAAA;7346:ATA"
"HCM120_VNM_2011","128:C;743:TAAA;7329:G"
"HCM84_VNM_2011","24:GAG;98:TC;133:AT;706:GT;738:AAC;745:AT;7071:C"
"HeN09_1/HeN/CHN/2009","98:CAG;131:C;703:TT;741:CTTA;752:TAAA;7338:G"
"HeN09_17/HeN/CHN/2009","699:TT;737:CTTA;748:TAAA;7334:G"
"Henan_ZMD/CHN/2012","9:C;99:CAG;132:C;155:GCGCT;709:TT;754:TAAA;7340:G"
"Henan1_09_China","699:G;702:T;744:TAAA;7330:G"
"Henan10_08_China","9:C;129:C;701:GT;723:TATCTTGACC;7336:TAGAGGC"
"Henan2_09_China","128:C;708:C;744:TAAA;7330:G"
"HN1360/HN/CHN/2011","0:TT;8:AC;13:C;133:C;705:TT;750:TAAA;7336:G"
"HN318/HN/CHN/2011","0:TT;8:AC;13:C;133:C;705:TT;730:C;751:TAAA;7348:ATA"
"HNCZ/201203","9:C;129:C;152:GCGCT;705:CT;728:TATCTTGACC;6375:GATGTGAGTAAA;7355:G"
"HNCZ/201208","9:C;129:C;152:GCGCT;706:TT;751:TAAA;7337:G"
"HNCZ/201211","9:C;129:C;701:TT;733:ACC;749:TAAA;7335:G"
"HQ09231463","0:T;10:C;130:C;702:TT;740:CTCA;751:TAAA;5187:A;5432:AC;7340:G"
"Hubei_HG/CHN/2012","9:C;99:CAG;132:C;704:TT;749:TAAA;7335:G"
"Hubei_WH/CHN/2012","9:C;129:C;706:CTGTG;742:CTTA;753:CAAA;7339:G"
"HUN/1978","9:C;129:CT;732:ACC;743:AGT;5427:GC;6172:T"
"HuzhouE371/2011/CHN","9:C;88:C;130:C;711:T;746:TAAA"
"HuzhouE696/2012/CHN","9:C;99:CAG;131:T;155:GCGCT;709:TT;731:TATCTTGACC;7346:G"
"IM11","9:C;129:C;710:T;725:CTTGACCCTC;7339:GGT;7411:T"
"J115_MAL_01","9:C;129:AC;732:ACC;743:AGT;3821:T"
"JiLin_11_China","89:ACCCC;133:C;714:T;749:TAAA"
"JK2009","0:T;99:CAG;132:C;704:GT;749:TAAA;7346:ATA;7419:ATA"
"Kaifeng/2010","9:C;83:T;130:C;702:GT;747:TAAA;7333:G"
"KED005_LPS2","9:C;129:AC;732:ACC;743:AGT;3821:T"
"KED005_org","9:C;129:AC;732:ACC;743:AGT;3821:T"
"KM186/09","9:C;89:A;127:C;711:T;746:TAAA"
"KMM/09","9:C;88:C;130:C;711:T;746:TAAA;5671:AAT"
"Laos2011_HFMD12V","87:C;99:CAG;132:C;704:TT;749:TAAA;6393:T;7336:G"
"LAZ60_TR","9:C;87:G;130:AC;690:AT;705:G;746:CC"
"LCH01","128:C;700:GT;745:TAAA;7342:ATA"
"LCH02","128:C;700:TT;745:TAAA;7331:G"
"LN009","9:C;99:CAG;132:C;704:TT;749:TAAA;7335:G"
"LR_CH_06","87:C;129:AC;740:AGT;3818:T"
"Luoyang/2011","9:C;99:CAG;132:C;704:TT;749:TAAA;6367:GATGTGAGTAAA;7347:G"
"M0380_TW08","9:C;122:TA;703:TC;744:TC"
"M1089_TW12","9:C;129:CT;703:T;733:ACC;746:TT"
"M1288_TW08","9:C;122:TA;703:TC;744:TC"
"M1473_TW08","9:C;64:A;121:TT;704:T;744:TC"
"M1577_TW12","9:C;129:CT;703:T;733:ACC;746:TT"
"M1644_TW08","9:C;64:A;121:TT;704:T;744:TC"
"M1656_TW08","9:C;64:A;121:TT;704:T;744:TC"
"M183_1176F/HeN/CHN/2009","9:C;129:C;701:TT;739:CTTA;750:TAAA;7336:G"
"M186_1179F/HeN/CHN/2009","9:C;129:C;701:TT;739:CTTA;750:TAAA;7336:G"
"M188_1181F/HeN/CHN/2009","9:C;129:C;701:TT;739:CTTA;750:TAAA;7336:G"
"M202_TW12","9:C;129:CT;703:T;733:ACC;746:TT"
"M245_TW08","9:C;64:A;121:TT;704:T;744:TC"
"M314_TW08","9:C;64:A;121:TT;704:T;744:TC"
"M448_TW08","9:C;64:A;121:TT;704:T;744:TC"
"M538_TW12","9:C;129:CT;703:T;733:ACC;746:TT"
"M617_TW12","9:C;129:CT;703:T;733:ACC;746:TT"
"M654_TW12","9:C;129:CT;703:T;733:ACC;746:TT;6277:TC"
"M665_TW08","9:C;64:A;121:TT;743:TC"
"M668_TW08","9:C;64:A;121:TT;704:T;744:TC"
"M707_TW08","9:C;64:A;121:TT;704:T;744:TC"
"M957_TW12","9:C;129:CT;701:G;733:ACC;746:TT"
"M988_TW12","9:C;129:CT;701:G;733:ACC;746:TT"
"M990_TW12","9:C;129:CT;703:T;733:ACC;746:TT"
"MP10","8:AG;84:T;131:C;703:TT;748:TAAA;7334:G;7404:A"
"MP4","9:C;91:T;97:TC;132:AC;745:TC"
"MRS/09/3663","8:G;91:TT;119:TTGTGTAC;712:T;751:TC"
"MS/7423/87","128:CT;718:CT;727:AACCCTCA"
"MY104_9_SAR_97","9:C;64:A;120:AT;704:T;721:CT;744:AGT"
"MY821_3_SAR_97","9:C;64:A;120:AT;704:T;721:CT;744:AGT"
"MZ2008","8:AG;130:C;702:TT;747:TAAA;7333:G"
"N1745_TW08","9:C;64:A;121:TT;704:T;744:TC"
"N2121_TW05","9:C;129:C;702:TC;726:CTTGACCCTC;7349:ATA"
"N2838_TW03","9:C;64:A;121:TT;704:T;744:TC;7064:C"
"N3340_TW_02","9:C;129:C;702:TC;741:AG;7330:G;7339:C"
"N7008_TW99","9:C;64:A;97:C;121:AT;705:T;734:AAC;746:AGT"
"Nagoya","9:C;129:CT;732:ACC;743:AGT;4798:CCG;5430:GC;6175:T"
"NAGOYA","9:C;129:CT;732:ACC;743:AGT;4798:CCG;5430:GC;6175:T"
"Nanyang/2011_China","9:C;99:CAG;132:C;704:GT;749:TAAA;7335:G"
"NB/2010/01","9:C;129:C;701:TT;746:TAAA;7332:GAGGT"
"NBChina01","9:C;128:T;701:TT;733:ACC;749:TAAA;7335:G"
"NCKU9822","9:C;91:T;97:TC;132:AC;692:AT;707:G;748:TC"
"NUH0075/SIN/08","90:TT;130:GC;705:T;744:TC"
"NUH0083/SIN/08","63:A;120:TT;703:T;743:TC;7063:C"
"pinf7_54A","9:C;91:T;97:TC;132:AC;692:AT;707:G;748:TC"
"PLday1_CH_06","87:C;129:AC;740:AGT;3818:T"
"PLday4_CH_06","87:C;129:AC;740:AGT;3818:T"
"PP37_MAL_01","9:C;64:G;120:AT;704:T;744:TC;3819:C;4797:CCG"
"Puyang_451_2012","125:C;151:GCGCT;705:TT;750:TAAA;7336:G"
"Puyang_461_2012","125:C;151:GCGCC;705:TT;750:TAAA;7336:G"
"Rostov","128:C;151:GCGCT;705:TT;750:CAAA;7338:GGT"
"S0296_TW00","9:C;64:A;120:AT;305:T;705:T;745:TC;810:A"
"S0318_TW01","9:C;64:A;120:AT;704:T;744:TC"
"S0584_TW04","9:C;129:C;701:GT;741:AGT;7342:ATA"
"S10862_SAR_98","9:C;88:C;130:AC;733:ACC;744:AGT"
"S19841_SAR_03","9:C;64:A;121:TT;704:T;744:TC;7064:C"
"S40221_SAR_00","9:C;129:AC;732:ACC;743:AGT;3821:T"
"SB12736_SAR_03","9:C;64:A;121:TT;704:T;744:TC;7064:C"
"SB2864_SAR_00","9:C;64:A;120:AT;704:T;744:TC"
"SD07_1/SD/CHN/2007","128:C;701:TC;745:TAAA;7342:ATA"
"SD09_14/SD/CHN/2009","98:CAG;131:C;703:TT;748:TAAA;7334:G"
"SD09_21/SD/CHN/2009","98:CAG;131:C;703:TT;748:TAAA;7334:G"
"SDLY1","9:C;99:CCCCAG;135:C;707:GT;752:TAAA;7349:ATA"
"SDLY107","9:C;99:CAG;132:C;155:GCGCT;709:TT;754:TAAA;7340:G"
"SDLY11","9:C;99:CAG;132:C;704:TT;736:ACC;749:CT;7336:G"
"SDLY153","9:C;99:CCCCAG;135:C;707:GT;729:TATCTTGACC;7344:GAGGT"
"SDLY48","9:C;99:CAG;132:C;704:TT;749:TAAA;7346:GTA"
"SDLY96","9:C;99:CAG;132:C;713:T;735:ACC;751:TAAA;7337:G"
"SEP4","699:TT;737:CTTA;748:TAAA;7334:G"
"SH_17/SH/CHN/2002","98:CAG;131:T;703:GT;743:AG;7343:ATA"
"SH_6/SH/CHN/2002","98:CAG;131:C;703:GT;748:TAAA;6366:GATGTGAGTAAA;7357:ATA"
"SH12_036","9:C;129:C;701:TT;746:TAAA;7332:G"
"SH12_276","9:C;129:C;701:TT;740:TAG;7331:G"
"Shanghai_036_2009","0:T;10:C;130:C;703:TC;740:CTTA;751:TAAA;7339:GG;7343:ATA"
"Shanghai_117_2009","0:T;10:C;100:CAG;133:C;705:TT;743:CTTA;754:TAAA;7340:G"
"Shanghai_118_2009","0:T;10:C;100:CAG;133:C;156:GCGCT;712:T;754:TAAA;7340:G"
"Shanghai_27_2009","0:T;10:C;100:CAG;133:C;705:TT;743:CTTA;754:TAAA;7340:G"
"Shanghai_28_2009","0:T;10:C;100:CAG;133:C;705:TT;743:CTTA;754:TAAA;7340:G"
"Shanghai_36_2009","0:T;10:C;130:C;702:TT;747:TAAA;7066:C;7334:G"
"Shanghai_51_2009","0:T;10:C;100:CAG;133:C;681:G;706:TT;751:TAAA;7337:G"
"Shanghai_64_2009","0:T;10:C;100:CAG;133:C;156:GCGCT;710:TT;748:CTTA;759:TAAA;7345:G;7354:C"
"SHAPHC695F/SH/CHN/10","9:C;129:C;701:TT;746:TAAA;6390:T;7333:G"
"SHZH03","128:C;700:GT;732:ACC;748:TAAA;6366:GATGTGAGTAAA;7357:ATA;7397:C"
"SHZH98","736:CAG;5421:GC"
"SHZH98_pro","98:CAG;131:C;703:GT;743:AG;5426:GC;7345:ATA"
"SK_EV006_LPS1","9:C;64:A;120:AT;704:T;721:CT;744:AGT"
"SK_EV006_org","9:C;64:A;120:AT;704:T;721:CT;744:AGT"
"SK_EV006/Malaysia/97","9:C;64:A;120:AT;704:T;721:CT;744:AGT"
"ST_CH_06","87:C;129:AC;740:AGT;3818:T"
"subgenotype_B5","9:C;64:A;121:TT;704:T;744:TC;4137:A;7065:C"
"SZ/HK08_5","9:C;89:G;130:C;702:GT;747:TAAA;7333:G"
"SZ/HK08_6","9:C;99:CAG;132:C;704:GT;749:TAAA;7346:ATA"
"Tainan/4643/98","9:C;91:T;97:TC;132:AC;692:AT;707:G;748:TC"
"Tainan/5746/98","9:C;91:T;97:TC;132:AC;692:AT;707:G;748:TC;5662:A"
"Tainan/6092/98","9:C;91:T;97:TC;132:AC;692:AT;707:G;748:TC"
"Taipei/B4_01/2011","118:AT;702:T;742:TC"
"Taipei/C2_Y100/2011","90:T;96:TC;131:AC;427:A;692:AT;707:G;748:TC;4341:CTTCTGCCG"
"Taipei/C4_Y100_P4/2011","98:CAG;131:C;712:T;747:TAAA;7333:G"
"Taipei/C4_Y100_P5/2011","98:CAG;131:C;712:T;747:TAAA;7333:G"
"TC03F/SD/CHN/07","9:C;129:C;701:GT;746:TAAA;7343:ATA"
"THA_EV71_002","128:AC;739:AGT;3817:T;3873:C"
"THA_EV71_019","119:TT;702:T;742:TC;7062:C"
"THA_EV71_044","128:C;700:G;703:T;745:TAAA"
"THA_A1083","119:TT;702:T;740:AAT;4136:A"
"THA_A1219","699:TT;740:GCT;7329:G"
"THA_A1564","119:TT;702:T;742:TC;4135:A"
"THA_A1570","119:TT;702:T;742:TC;4135:A"
"THA_A575","119:TT;702:T;732:ACC;745:TC;4138:A"
"THA_A577","119:TT;702:T;732:ACC;745:TC;4138:A"
"THA_A578","119:TT;702:T;732:ACC;745:TC;4138:A"
"THA_A641","119:TT;702:T;742:TC;4135:A"
"THA_A683","119:TT;702:T;732:ACC;745:TC;4138:A"
"THA_A761","700:T;730:ACC;743:TC;4136:A;4454:T"
"THA_A847","119:TT;702:T;732:ACC;745:TC;4138:A"
"THA_A851","119:TT;702:T;732:ACC;745:TC;4138:A"
"TLLcho","0:T;83:T;130:CT;672:A;705:T;722:CT;745:AGT"
"TLLm","9:C;64:A;120:AT;671:T;705:T;722:CT;745:AGT"
"TS","9:C;99:CAG;132:C;704:GT;749:TAAA;7335:G"
"TLLmv","9:C;64:A;120:AT;675:TTTC;708:T"
"TW/1101/08","63:A;120:TT;703:T;743:TC"
"TW/1956/05","128:C;700:GT;745:TAAA;5425:GC;7333:G"
"TW/2086/98","44:C;91:T;97:TCC;691:AT;706:G;747:TC;4799:CCG"
"TW/2272/98","90:T;96:TCC;690:AT;705:G;746:TC;4798:CCG;5514:A"
"TW/2429/04","88:A;129:C;702:TC;746:TAAA;7343:ATA"
"TW/2639/04","88:A;129:C;702:TC;746:TAAA;7343:ATA"
"TW/2728/04","88:A;129:C;701:GT;746:TAAA;7343:ATA"
"TW/2815/04","88:A;129:C;702:TC;746:TAAA;7343:ATA"
"TW/2824/04","88:A;129:C;701:GT;726:CTCGACCCTC;7349:ATA"
"TW/2871/04","128:C;700:GT;745:TAAA;7342:ATA"
"TW/70516/08","98:CAG;131:C;703:GT;748:TAAA;7345:ATA"
"TW/70811/08","63:A;120:TT;703:T;743:TC"
"TW/70886/08","63:A;120:TT;703:T;743:TC"
"TW/70902/08","119:TT;702:TC;743:TC"
"TW/71428/05","128:C;700:GT;745:TAAA;7333:GG;7337:A;7342:C"
"TW/71552/05","88:A;129:C;701:GT;746:TAAA;7343:ATA"
"TW/71595/04","88:A;129:C;701:GT;746:TAAA;7343:ATA"
"TW/72232/04","128:C;700:GT;740:AG;6714:T;7341:ATA"
"TW/96002/08","63:A;120:TT;703:T;743:TC"
"TW/96016/08","63:A;120:TT;703:T;743:TC"
"TW/96022/08","63:A;120:TT;703:T;743:TC"
"TZ06","98:CAG;131:C;703:TT;748:TAAA;7334:G"
"UH1/PM/1997","63:A;119:AT;703:T;720:CT;743:AGT"
"V04_2218217","9:C;129:C;701:GT;737:AT;7341:ATA"
"V05_2243055","9:C;99:CAG;132:C;704:GT;744:AGT;7345:ATA"
"V06_2218645","9:C;129:C;710:T;745:TAAA;6072:C;7343:ATA"
"V07_2231013","9:C;99:CAG;132:C;704:GT;749:TAAA;7346:ATA"
"V08_2221581","9:C;99:CAG;132:C;704:TT;749:TAAA;7346:ATA"
"V08_2236079","9:C;91:TT;131:GC;706:T;745:TC"
"V09_2225777","9:C;129:C;710:T;745:TAAA;7331:G"
"V10_2234054","9:C;129:C;701:TT;746:TAAA;7332:G"
"VN152/2011","9:C;129:C;701:TT;739:CTTA;750:TAAA"
"VR1432","9:C;126:C;744:CAAA"
"wenzhou011","699:TT;741:CT;7328:G"
"wenzhou227","699:TT;739:AGT;7340:ATA"
"wenzhou256","700:TTC;740:AG;7340:ATA"
"wh029","9:C;99:CAG;132:C;155:GCGCT;188:T;710:TT;755:CAAA;7341:GAGGTTG"
"Wuhan1042/HuB/CHN/2011","9:C;129:C;701:TT;746:TAAA;7332:G"
"Wuhan1117/HuB/CHN/2011","9:C;129:C;701:TT;746:TAAA;7332:G"
"Wuhan1143/HuB/CHN/2011","9:C;99:CAG;132:C;704:TT;749:TAAA;7335:G"
"100_p0",""
"100_p12",""
"100_p17_T1",""
"100_p17_T2",""
"100_p17_T3",""
"100_p31_T1",""
"100_p31_T2",""
"100_p31_T3",""
"100_p35_T1",""
"100_p35_T2",""
"100_p35_T3",""
"100_p36_T1",""
"100_p36_T2",""
"100_p36_T3",""
"10098","128:AT;731:ACC;742:AGT;3820:T"
"101_p0",""
"101_p12",""
"101_p17_T1",""
"101_p17_T2",""
"101_p17_T3",""
"101_p31_T1",""
"101_p31_T2",""
"101_p31_T3",""
"101_p35_T1",""
"101_p35_T2",""
"101_p35_T3",""
"101_p36_T1",""
"101_p36_T2",""
"101_p36_T3",""
"10118","116:TTGTGTGC;709:T;748:TC"
"10196","66:ATT;72:CAAT;135:CT;738:ACC;749:AGT;4804:CCG;5436:GC;6181:T"
"10S3","9:C;117:TTGTGTAC;710:T;749:TC"
"10S5","116:TTGTGTAC;709:T;748:TC"
"11316","118:AT;718:TT;727:AACCCTCA;4801:CCG;7069:T"
"11590","118:AT;718:TT;727:AACCCTCA;4801:CCG;6176:T;7070:T"
"11977","128:CT;731:ACC;747:TAAA;4798:CCG;5430:GC;6175:T"
"119798","8:G;87:TA;131:AT;706:T;745:TC"
"11N","88:A;105:C;130:CT;712:G;720:ACAC;742:AGCCAAAT;7356:ATA"
"120/EV71/Wenzhou/CHN/2014","9:C;99:CAG;132:C;703:GT;749:CAAA;7340:TGTAC"
"124098","8:G;87:TA;131:AT;706:T;745:TC;3440:A"
"124151","8:G;87:TA;131:AT;706:T;745:TC;3440:A"
"127018","8:G;91:TT;131:GC;706:T;745:TC"
"128135","8:G;91:TT;131:GC;706:T;740:TT"
"1416","128:AC;731:ACC;742:AGT;3820:T;6361:GCGATGT;6371:TAA"
"15_355","86:TA;130:AC;703:GT;743:AGT;3821:T"
"15/EV71/Wenzhou/CHN/2014","9:C;99:CAG;132:C;155:GCGCT;708:CT;754:TAAA;7340:G"
"160_50","9:C;99:CAG;132:C;155:GCGCT;708:CT;748:CAGT;7340:GAGGTTG"
"16173","128:CT;731:ACC;742:AGT;6169:T"
"16F","88:A;105:C;130:CT;713:T;720:ACAC;737:GTGAA;7337:AGAGGCC"
"16L","93:T;105:C;130:CT;713:T;720:ACAC;737:GTGAA;7337:AGAGGCC"
"17000","128:CT;731:ACC;747:TAAA;4798:CCG;5430:GC;6175:T"
"17F","88:A;105:C;130:CT;713:T;720:ACAC;737:GTGAA;7337:AGAGGCC"
"2005_1480","729:ACC;740:AGT"
"2015g03","9:C;129:C;703:T;732:ACC;748:TAAA;7334:G"
"20233","119:TG;718:TT;727:AACCCTCA;3824:T;5431:GC"
"20574","81:G;129:CT;732:ACC;743:AGT;4798:CCG;5430:GC;6175:T"
"2065_Yamagata_2004","9:C;64:G;90:A;120:TT;933:A;1437:TGA;1948:G;1959:CG;2527:ATTGCAAGTACT;2675:CA;2766:GGGTACACA;3186:A;3328:GTGC;3336:GC"
"2485","90:TT;130:AC;705:T;744:TC"
"2716_Yamagata_03","9:C;64:A;121:TT;704:T;744:TC;7064:C"
"30_2/2015/BJ","9:C;129:GC;684:GT;705:GTC;737:ACC;746:TCA"
"301",""
"31170098","119:TT;702:T;742:TC"
"31170101","128:TT;688:ATTA;734:GTGAA"
"31170112","89:ACC;131:CT;691:ATTA;737:GTGAA;7337:AGAGGCC"
"31170151","119:TT;702:T;742:TC"
"31170202","700:T;740:TC"
"32_YN","128:C;702:T;739:AGT;1650:C;7330:G"
"365","90:TT;130:AC;743:TC"
"3692","90:TT;130:AC;705:T;744:TC"
"37507/TH/DE_2015","686:ATTA;732:GTGAA"
"4_23/XY/CHN/2017","9:C;129:C;152:GCGCT;687:TGTGC;694:T;750:AGT;7340:G"
"4044545","8:G;87:TA;131:AT;706:T;745:TC"
"413_C1/YN/CHN/2016","119:TT;703:T;742:TC;7062:C"
"413_C2/YN/CHN/2016","119:TT;703:T;742:TC;7062:C"
"43538/MV/DE_2015","686:ATTA;732:GTGAA"
"44172/RP/DE_2015","686:ATTA;732:GTGAA;7332:AGAGGCC"
"44930/BE/DE_2015","686:ATTA;732:GTGAA;7332:AGAGGCC"
"44932/BE/DE_2015","686:ATTA;732:GTGAA"
"45849/BE/DE_2015","686:ATTA;732:GTGAA;7332:AGAGGCC"
"45894/BE/DE_2015","686:ATTA;732:GTGAA"
"46411/NW/DE_2015","686:ATTA;732:GTGAA"
"480","95:C;129:AC;732:ACC;743:AGT"
"4N","63:A;89:A;106:C;131:CT;714:T;721:ACAC;738:GTGAA;7338:AGAGGCC"
"5N","88:A;105:C;130:CT;713:T;720:ACAC;737:GTGAA;7337:AGAGGCC"
"6_1500_4","9:C;64:A;121:TT;704:T;744:TC;7064:C"
"6_4/XY/CHN/2017","9:C;129:C;152:GCGCT;687:TGTGC;694:T;750:AGT;2888:A;7341:G"
"6_684_4","9:C;64:A;121:TT;704:T;744:AT;7064:C"
"617_19","150:ACGCT;704:GT;749:TAAA;7346:ATA"
"617_20","128:C;700:GT;745:TAAA;7342:ATA"
"6N","88:A;105:C;130:CT;713:T;720:ACAC;737:GTGAA;7337:AGAGGTC"
"7D3","9:C;83:T;118:TTGTGTAC;711:T;750:TC"
"839","9:C;99:CAG;132:C;704:TT;749:TAAA;7335:G"
"9443","128:CT;731:ACC;742:AGT;4797:CCG;5429:GC;6174:T"
"9612","95:C;129:AC;741:GTC;6358:GCGATGT;6370:AAG"
"97/ST","9:C;119:AT;703:T;720:CT;743:AGT"
"A106/YN/CHN/2016","119:TT;702:T;740:AGT;4136:A"
"B5_1","95:CC;121:TT;704:T;744:TC"
"B5_10","95:C;120:TT;703:T;743:TT"
"B5_100","119:TT;702:T;740:AGT;4136:A"
"B5_101","119:TT;739:AGT;4135:A"
"B5_102","119:TT;702:T;742:TC"
"B5_103","119:TT;741:TC"
"B5_104","119:TT;741:TC"
"B5_105","119:TT;741:TC"
"B5_106","119:TT;741:TC"
"B5_107","119:TT;702:T;742:TC;4135:A"
"B5_108","119:TT;702:T;742:TC;4135:A"
"B5_109","119:TT;702:T;742:TC;4135:A"
"B5_11","95:C;120:TT;703:T;743:TT"
"B5_110","119:TT;700:G;740:AAT;7061:T"
"B5_111","119:TT;702:T;742:TC"
"B5_112","119:TT;702:T;742:TC"
"B5_113","119:TT;702:T;742:TC"
"B5_114","119:TT;702:T;742:TC"
"B5_115","119:TT;702:T;742:TC"
"B5_116","119:TT;702:T;742:TC"
"B5_117","119:TT;702:T;742:TC"
"B5_118","118:AT;702:T;742:TC"
"B5_119","119:TT;702:T;740:AGT;7063:C"
"B5_12","95:C;120:TT;703:T;743:TT"
"B5_120","119:TT;702:T;740:AGT;7063:C"
"B5_121","119:TT;702:T;740:AGT;7063:C"
"B5_122","119:TT;702:T;742:TC"
"B5_123","119:TT;702:T;742:TC;4135:A;7061:T"
"B5_124","119:TT;702:T;742:TC"
"B5_125","63:A;120:TT;703:T;733:ACC;744:AAT"
"B5_126","63:A;120:TT;703:T;733:ACC;744:AAT"
"B5_127","63:A;120:TT;703:T;733:ACC;744:AAT"
"B5_128","63:A;120:TT;703:T;733:ACC;744:AAT"
"B5_129","63:A;120:TT;703:T;733:ACC;744:AAT"
"B5_13","95:C;120:TT;703:T;743:TT"
"B5_130","63:A;120:TT;694:C;733:ACC;744:AAT"
"B5_131","63:A;120:TT;703:T;733:ACC;744:AAT"
"B5_132","63:A;120:TT;703:T;733:ACC;744:AAT"
"B5_133","63:A;120:TT;703:T;733:ACC;744:AAT"
"B5_134","63:A;120:TT;703:T;733:ACC;746:TT"
"B5_135","119:TT;702:T;742:TC"
"B5_136","63:A;120:TT;703:T;733:ACC;744:AAT"
"B5_14","95:C;120:TT;703:T;743:TT"
"B5_15","95:C;120:TT;703:T;743:TT"
"B5_16","95:C;120:TT;703:T;743:TT"
"B5_17","95:C;120:TT;703:T;743:TT"
"B5_18","95:C;120:TT;703:T;743:TC"
"B5_19","95:C;120:TT;703:T;743:TC"
"B5_2","95:C;120:TT;569:C;704:T;744:TT"
"B5_20","95:C;120:TT;703:T;743:TC"
"B5_21","95:C;120:TT;703:T;743:TC"
"B5_22","95:C;120:TT;703:T;743:TC"
"B5_23","95:C;120:TT;703:T;743:TC"
"B5_24","95:C;120:TT;703:T;743:TC"
"B5_25","95:C;120:TT;703:T;743:TC"
"B5_26","95:C;120:TT;703:T;743:TC"
"B5_27","95:C;120:TT;703:T;743:TC;4136:A"
"B5_28","95:C;120:TT;703:T;743:TC"
"B5_29","95:C;120:TT;703:T;743:TC"
"B5_3","88:G;120:TT;703:T;743:TC"
"B5_30","95:C;120:TT;703:T;743:TC"
"B5_31","95:C;120:TT;703:T;743:TC"
"B5_32","95:C;120:TT;703:T;743:TC"
"B5_33","95:C;120:TT;703:T;743:TC"
"B5_34","95:C;120:TT;742:TC"
"B5_35","95:C;120:TT;703:T;743:TC"
"B5_36","95:C;120:TT;703:T;743:TC"
"B5_37","88:G;120:TT;703:T;743:TC"
"B5_38","88:G;120:TT;703:T;743:TC"
"B5_39","88:G;120:TT;703:T;743:TC"
"B5_40","88:G;120:TT;703:T;743:TC"
"B5_4","119:TT;303:T;703:T;743:TC"
"B5_42","95:C;120:TT;742:TC"
"B5_41","95:C;120:TT;742:TC"
"B5_43","95:C;120:TT;742:TC"
"B5_44","119:TT;702:T;742:TC"
"B5_45","119:TT;702:T;742:TC"
"B5_46","119:TT;702:T;742:TC"
"B5_47","119:TT;702:T;740:AAT"
"B5_48","119:TT;702:T;740:AAT"
"B5_49","119:TT;702:T;740:AAT"
"B5_50","119:TT;702:T;742:TC"
"B5_51","119:TT;702:T;742:TC"
"B5_5","119:TT;303:T;703:T;743:TC"
"B5_52","119:TT;702:T;742:TT"
"B5_53","119:TT;741:TC"
"B5_55","119:TT;702:T;742:TC"
"B5_54","119:TT;702:T;742:TC"
"B5_56","119:TT;702:T;742:TC"
"B5_57","119:TT;702:T;742:TC"
"B5_59","119:TT;702:T;742:TC"
"B5_58","119:TT;702:T;742:TC"
"B5_60","119:TT;152:GCGCG;707:T;747:TC"
"B5_6","119:TT;303:T;703:T;743:TC;4136:A"
"B5_61","119:TT;702:T;742:TC"
"B5_62","119:TT;702:T;742:TC"
"B5_63","119:TT;702:T;742:TC"
"B5_64","119:TT;739:AAT;4135:A"
"B5_65","119:TT;702:T;742:TC;4135:A"
"B5_66","119:TT;702:T;742:TC;4135:A"
"B5_68","119:TT;702:T;742:TC;4135:A"
"B5_67","119:TT;702:T;742:TC;4135:A"
"B5_69","119:TT;702:T;742:TC;4135:A"
"B5_7","95:C;120:TT;703:T;743:TT"
"B5_70","119:TT;702:T;742:TC;4135:A"
"B5_71","119:TT;702:T;742:TC;4135:A"
"B5_72","119:TT;741:TC;4134:A"
"B5_73","119:TT;702:T;742:TC;4135:A"
"B5_74","119:TT;702:T;742:TC;4135:A"
"B5_75","119:TT;702:T;742:TC;4135:A"
"B5_76","119:TT;702:T;742:TC;4135:A"
"B5_77","119:TT;702:T;742:TC;4135:A"
"B5_78","119:TT;702:T;742:TC;4135:A"
"B5_79","119:TT;741:TC;4134:A"
"B5_8","95:C;120:TT;703:T;743:TT"
"B5_80","119:TT;741:TC;4134:A"
"B5_81","119:TT;702:T;742:TC;4135:A"
"B5_82","119:TT;702:T;742:TC;4135:A"
"B5_83","120:TT;741:TC;4134:A"
"B5_84","119:TT;702:T;742:TC;4135:A"
"B5_85","119:TT;702:T;742:TC;4135:A;7061:T"
"B5_86","119:TT;702:T;742:TC;4135:A;7061:T"
"B5_87","119:TT;702:T;742:TC;4135:A;7061:T"
"B5_88","118:TT;702:T;742:TC;4135:A;7061:T"
"B5_89","119:TT;702:T;742:TC;4135:A"
"B5_9","95:C;120:TT;703:T;743:TT"
"B5_90","119:TT;702:T;742:TC;4135:A"
"B5_91","119:TT;702:T;742:TC;4135:A"
"B5_92","119:TT;702:T;742:TC;4135:A"
"B5_93","119:TT;702:T;742:TC;4135:A"
"B5_94","119:TT;702:T;742:TC;4135:A"
"B5_95","119:TT;702:T;742:TC;4135:A"
"B5_96","119:TT;702:T;742:TC;4135:A"
"B5_97","119:TT;702:T;740:AGT"
"B5_98","119:TT;702:T;740:AGT;4136:A"
"B5_99","119:TT;702:T;740:AGT;4136:A"
"BJ14_1","9:C;129:C;701:TT;746:CAAA;7334:GG;7338:GTA"
"BJ14_2","9:C;129:C;701:TT;746:CAAA;7347:ACC"
"C068/CHW/AUS/2016","116:TTGTGTGC;708:TC;744:TT;6364:GCGATGT;6374:TAA"
"C4_1","128:C;700:TT;738:CTTA;749:TAAA;7335:G"
"C4_10","128:C;700:TT;738:CTTA;749:TAAA;7335:G"
"C4_2","128:C;700:TT;738:CTTA;749:TAAA;7335:G"
"C4_3","128:C;700:TT;738:CTTA;749:TAAA;7335:G"
"C4_4","128:C;700:TT;722:TATCTTGGCC;7337:G"
"C4_5","98:CAG;131:C;703:TT;741:CTTA;752:TAAA;7340:GGTTG"
"C4_6","128:C;700:TT;738:CTTA;749:TAAA;7335:G"
"C4_7","128:C;700:TT;738:CTTA;749:TAAA;7335:G"
"C4_8","128:C;700:TT;738:CTTA;749:TAAA;7335:G"
"C4_9","128:C;700:TT;738:CTTA;749:TAAA;7335:G"
"C4_ND_114_Vietnam_CaMau_2012_04_15",""
"C4_ND_137_Vietnam_VungTau_2012_05_20",""
"C4_ND_150_Vietnam_DongThap_2012_07_05",""
"C4_ND_152_Vietnam_VinhLong_2012_07_16",""
"C4_ND_153_Vietnam_HoChiMinh_2012_07_23",""
"C4_ND_158_Vietnam_BenTre_2012_08_04",""
"C4_ND_171_Vietnam_BinhDuong_2012_02_18",""
"C4_ND_198_Vietnam_HoChiMinh_2012_03_21",""
"C4_ND_200_Vietnam_HoChiMinh_2012_03_28",""
"C7/Osaka/Japan/97","9:C;119:AT;703:T;720:CT;745:TC"
"CAE_CEN_BIY_146_08","9:C;64:G;90:A;122:TGAGC;737:ATC;747:TAG"
"CAE_LIT_CIP_041_08","9:C;129:AT;732:ACC;743:AGT;3821:T"
"CAF_RS2_NMA_008_03","9:C;90:C;120:GC;127:TT;692:AT;707:G;734:C;749:CC;4142:G"
"CCA","9:C;129:C;702:TC;746:TAAA;7343:ATA"
"CF097017","9:C;129:AC;732:ACC;743:AGT;3821:T;3923:T;7344:TT"
"CF210042","9:C;129:AC;740:ATT;3818:T"
"CMC718","9:C;129:CT;701:G;733:ACC;746:TT"
"CMU4232/BJ/CHN/2008","9:C;99:CAG;132:C;704:GT;749:TAAA;7346:ATA"
"CQ2014_86","9:C;120:TT;703:T;741:AGT;4137:A"
"CSF15/YN/CHN/2013","98:CAG;131:C;705:T;742:AGT;7332:G"
"DK07_02",""
"DK07_03","681:GTGCCG"
"DK07_04","700:GTC;740:A"
"DK14_03","686:ATTA;732:GTGAA"
"DK16_02","686:ATTA;732:GTGAA"
"DK16_03","686:ATTA;732:GTGAA;1476:A"
"DK16_04","669:A;687:ATTA;733:GTGAA"
"DK16_05","669:A;687:ATTA;733:GTGAA"
"DK16_06","715:CAC;724:T;733:ACC"
"DK16_08","728:GTGAA"
"E1/ZS/CHZ/2009","9:C;99:CAG;132:C;704:TT;749:TAAA;7335:G"
"eTLLbeta_P20","9:C;64:A;120:AT;704:T;721:CT;744:AGT"
"EV_A71_C4_MAD_2017_7366","128:C;702:T;744:TAAA"
"EV_A71/2019/FR/0622","89:TC;106:C;131:CT;714:T;721:ACAC;736:TCGTG;5677:G;7356:CAC"
"EV_A71/PMKA1300/THA/2011","63:A;120:TT;710:AC;744:TC;4137:A;7065:C"
"EV71_MZ","9:C;129:C;701:TT;746:TAAA;7332:G"
"EV71_NJ2017iso1","128:C;151:GCGCT;691:CATTAA;749:AGT;7339:G"
"EV71_NJ2017iso2","41:G;129:C;701:TT;746:TAAA;7334:GGT"
"EV71/CZTN01/CHN/2017","98:CAG;131:C;702:TT;728:C;744:AGT;7334:G"
"EV71/Jiangsu.P.R.C/07.08/10","98:CAG;131:C;703:GT;748:TAAA"
"EV71/SHENZHEN001/2006","9:C;129:C;703:T;732:ACC;748:TAAA;7345:ATA;7392:G"
"EV71/SZ04/CHN/2014","9:C;99:CAG;132:C;155:GCGCT;708:CT;749:AGT;7339:G"
"EV71/SZ07/CHN/2014","9:C;99:CAG;132:C;155:GCGCT;709:TT;754:TAAA;7340:G"
"EV71/SZ08/CHN/2013","9:C;99:CAG;132:C;155:GCGCT;708:CT;749:AGT;7339:G"
"EV71/SZ12/CHN/2014","9:C;99:CAG;132:C;155:GCGCT;708:CT;754:TAAA;7340:G"
"EV71/SZ17/CHN/2013","9:C;99:CAG;132:C;155:GCGCT;708:CT;749:AGT;7339:G;7404:T"
"EV71/SZ25/CHN/2014","9:C;42:CTTCCG;105:CAG;138:C;710:TT;755:CAAA;7341:G"
"EV71/SZ42/CHN/2014","9:C;99:CAG;132:C;155:GCGCT;708:CT;749:AGT;7339:G"
"EV71/SZ50/CHN/2014","9:C;99:CAG;132:C;155:GCGCT;708:CT;749:AGT;7339:G"
"EV71/SZ88/CHN/2014","9:C;99:CAG;132:C;155:GCGCT;708:CT;749:AGT;7339:G"
"EVA71/Homosapiens/VNM/12.1/2013","700:T;730:ACC;743:TT"
"EVA71/Homosapiens/VNM/12.2/2013","700:T;730:ACC;743:TT;6291:CTCTGCA"
"EVA71/Homosapiens/VNM/13.1/2012","128:C;700:TT;745:TAAA"
"EVA71/Homosapiens/VNM/13.2/2012","699:TT;744:TAAA"
"EVA71/Homosapiens/VNM/14.1/2012","699:TT;744:TAAA;2413:T"
"EVA71/Homosapiens/VNM/14.2/2012","699:TT;737:CTTA;748:TAAA;7311:TATCTGC"
"EVA71/Homosapiens/VNM/15.1/2014","700:T;740:TC"
"EVA71/Homosapiens/VNM/15.2/2014","9:C;96:C;121:TT;704:T;744:TC"
"F1","9:C;64:A;121:TT;704:T;744:TC"
"F17","9:C;64:A;121:TT;704:T;744:TC"
"F22","9:C;64:A;121:TT;704:T;744:TC"
"F23","9:C;64:A;121:TT;704:T;744:TC"
"F6","9:C;64:A;121:TT;704:T;744:TC"
"F7","9:C;64:A;121:TT;704:T;744:TC"
"F9","9:C;64:A;130:CT;704:T;744:TC"
"G08","9:C;90:T;130:C;702:GT;747:TAAA;7344:ATA"
"G63/YN/CHN/2016","119:TT;741:TC"
"GIN_13_365","9:C;91:TT;131:AC;571:C;706:GTC;748:TC;3823:C"
"GRE29","9:C;129:AC;740:AGG;3818:T"
"GZ203KL21/GD/CHN/2010","98:CAG;131:C;703:TT;748:TAAA;7334:G;7384:TGA"
"Hau1","9:C;91:T;97:TC;132:AC;692:AT;707:G;748:TC"
"HFM005","128:C;700:TT;738:CTTA;749:TAAA;6393:T;7336:GAGGT"
"HFM008","128:C;700:TT;738:CTTA;749:TAAA;7335:G"
"HFM040","9:C;129:C;701:TT;739:CTTA;750:TAAA;7336:G"
"HFM057","9:C;129:C;703:T;738:CTTA;749:TAAA;7335:G"
"HFM072","9:C;129:C;701:TT;733:ACC;749:TAAA;7335:G"
"HFM088","98:CAG;131:C;154:GCGCT;717:T;752:TAAA;7338:G"
"HP","9:C;99:CAG;132:C;704:TT;749:TAAA;7335:G"
"Huainan201401","9:C;129:C;701:TT;741:AGT;7342:ATA"
"Huainan201402","9:C;129:C;700:GT;746:CAAA;7337:TGTAC"
"Huainan201403","9:C;129:C;701:TT;741:AGT;7342:ATA"
"Huainan201404","9:C;89:A;130:C;701:GT;747:CAAA;7338:TGTAC"
"Huainan201405","98:CAG;131:C;702:CT;748:TAAA;4799:CCG;7337:G"
"J098_EV_A71_WS_YN_2014","119:TT;702:T;742:TC"
"Jena_15_984","709:T;716:ACAC;733:GTGAA;7333:AGAGGCC"
"Jinan/SD/CHN/2015","0:T;10:C;130:C;702:TT;747:TAAA;7333:G"
"K14/YN/CHN/2013","6:C;10:C;100:CAG;133:C;156:GCGCT;719:T;749:AGT;7339:G"
"K17245","0:T;10:C;100:CAG;133:C;156:GCGCT;696:CATTAA;754:AGT;7344:G"
"K34/YN/CHN/2013","0:T;7:C;11:C;101:CAG;134:C;157:GCGCT;710:CT;751:AGT;7341:G"
"K36/YN/CHN/2013","0:T;10:C;100:CAG;133:C;156:GCGCT;709:CT;750:AGT;7340:G"
"K38/YN/CHN/2013","9:C;99:CAG;132:C;703:CT;744:AGT;7334:G"
"K509/YN/CHN/2010","0:T;10:C;100:CAG;133:C;705:TT;750:TAAA;7336:G"
"KW24/YN/CHN/2012","9:GC;100:CAG;133:C;705:TT;750:TAAA"
"MAD_3126_11","9:C;64:G;97:C;129:CTCA;718:A;729:AT;739:ATC;751:GTT;3828:C"
"MAD_72341_04","9:C;64:G;90:A;122:TGAGC;737:ATC;747:TAG"
"MAD_7842_10","9:C;64:G;128:TTCA;692:A;736:ATC;748:GCT;3825:C"
"MRT_14_250","90:TT;130:AT;704:TC;745:TC;3820:C"
"N0722_Sendai_2007","9:C;64:G;97:C;124:TA;933:A;1417:TCA;1625:GTGCCATTA;1957:G;1968:CG;2536:GTTGCAAGTACT;2684:CA;2762:A;2776:GGGTACACA;3181:TAGTATTAG;3346:GTGT;3354:GC"
"N1745_TW08/VP1_D164E","9:C;64:A;121:TT;704:T;744:TC"
"N1745_TW08/VP1_E145Q","9:C;64:A;121:TT;704:T;744:TC"
"N1745_TW08/VP1_K98E","9:C;64:A;121:TT;704:T;744:TC"
"N1745_TW08/VP1_K98E+E145Q","9:C;64:A;121:TT;704:T;744:TC"
"N7008_TW99_9","9:C;64:A;97:C;121:AT;705:T;734:AAC;746:AGT"
"N7008_TW99/VP1_E164D","9:C;64:A;97:C;121:AT;705:T;734:AAC;746:AGT"
"N7008_TW99/VP1_E98K","9:C;64:A;97:C;121:AT;705:T;734:AAC;746:AGT"
"N7008_TW99/VP1_E98K+Q145E","9:C;64:A;97:C;121:AT;705:T;734:AAC;746:AGT"
"N7008_TW99/VP1_Q145E","9:C;64:A;97:C;121:AT;705:T;734:AAC;746:AGT"
"N772_Sendai_2006","9:C;90:CC;131:C;703:G;747:TAAA;7349:TAC"
"NER_13_194","9:C;119:GT;703:GT;733:CAC;742:TAT;3823:T"
"No.1","9:C;64:A;121:TT;704:T;744:TC"
"No.2","9:C;64:A;121:TT;704:T;744:TC"
"No.22","9:C;64:A;121:TT;704:T;744:TC"
"No.23","9:C;64:A;121:TT;704:T;744:TC"
"No.36","9:C;64:A;121:TT;711:AC;745:TC"
"No.40","9:C;64:A;121:TT;704:T;744:TC"
"No.8","9:C;64:A;121:TT;704:T;744:TC"
"No.9","9:C;64:A;121:TT;704:T;744:TC"
"R1/YN/CHN/2011","0:T;10:C;100:CAG;133:C;705:TT;750:TAAA;7336:G"
"R118/YN/CHN/2016","119:TT;741:TC"
"R134/YN/CHN/2009","9:C;99:CAG;132:C;704:TT;749:TAAA;7346:ATA"
"R14/YN/CHN/2011","9:C;99:CAG;132:C;155:GCGCT;576:C;710:TT;755:TAAA;5435:AC;7343:GAGGTTG"
"R165/YN/CHN/2009","98:CAG;131:C;703:TT;741:CTTA;752:TAAA;7338:G"
"R17/YN/CHN/2011","9:C;99:CAG;132:C;704:TT;749:TAAA;7335:G"
"R176/YN/CHN/2009","9:C;88:C;130:C;702:G;741:AGT"
"R186/YN/CHN/2009","9:C;129:C;710:T;745:TAAA"
"R22/YN/CHN/2011","0:T;10:C;100:CAG;133:C;706:TTC;738:ACC;754:TAAA;7340:G"
"R262/YN/CHN/2010","98:CAG;131:C;703:TT;748:TAAA;7334:G"
"R464/YN/CHN/2010","9:C;99:CAG;132:C;155:GCGCT;576:C;710:TT;755:TAAA;7341:G"
"R50/YN.CHN/2013","0:T;10:C;130:C;702:TT;734:ACC;750:TAAA;7336:G"
"R59/YN/CHN/2016","119:TT;741:TC"
"R6/YN/CHN/2011","9:C;129:C;152:GCGCT;706:TT;738:ACC;754:TAAA;7340:G"
"R615/YN/CHN/2010","0:T;10:C;100:CAG;133:C;156:GCGCT;710:TT;755:TAAA;7341:G"
"R642/YN/CHN/2010","0:T;10:C;100:CAG;133:C;572:C;706:TT;751:TAAA;2207:GCA;7340:G"
"R66/YN/CHN/2016","119:TT;741:TC"
"R6_TUN","9:C;91:TT;131:AC;706:T;745:TC"
"R993/YN/CHN/2010","9:C;99:CAG;132:C;155:GCGCT;576:C;710:TT;755:TAAA;7341:G"
"RA330/YN/CHN/2009","7:A;99:CAG;132:C;704:TT;736:ACC;752:TAAA;7338:G"
"RW14/YN/CHN/2012","9:C;89:A;130:C;153:GCGCT;707:TT;752:TAAA;7338:G"
"RW15/YN/CHN/2012","9:C;99:CAG;132:C;155:GCGCT;752:TAAA;7338:G"
"RW40/YN/CHN/2012","9:C;129:C;701:TT;739:CAG;7331:G"
"RW46/YN/CHN/2012","9:C;129:C;701:T;732:ACC;748:TAAA;7334:G"
"S0254a","0:GACGGCCAGT;19:C;139:C;710:TT;751:AGT;7341:G"
"SB6_1004_3","9:C;120:TT;703:T;743:TC;7063:C"
"SB6_1048_2","9:C;64:A;121:TT;704:T;744:TC;7064:C"
"SB6_297_2","9:C;64:A;121:TT;704:T;744:AT;7064:C"
"SB6_760_3","63:A;120:TT;703:T;743:AT;7063:C"
"SD004R/Shandong/China/2015","0:T;10:C;130:C;702:TT;747:TAAA;7333:G"
"SEN_14_157","90:TT;118:TTGTGTAC;709:GT;751:TC;3826:C"
"SEP001","128:C;700:TT;738:CTTA;749:TAAA;7335:G"
"SEP006","9:C;129:C;701:TT;746:TAAA;7332:G"
"SEP014_EV_A71","9:C;129:C;701:CT;739:CTTA;750:TAAA;7336:GAG"
"SEP024","9:C;129:C;701:TT;739:CTTA;750:TAAA;7336:G"
"SEP042","699:CT;737:CTTA;748:TAAA;7334:G"
"SHAPHC5218/SH/CHN/14","9:C;129:C;152:GCGCT;706:TT;730:TCTTGACTCT;7343:G"
"SHAPHC5251/SH/CHN/14","9:C;129:C;152:GCGCT;706:TT;746:AACT;7337:G"
"SHAPHC5267/SH/CHN/14","9:C;129:C;703:T;745:TAAA;5425:AC;6365:GATGTGAGTAAA;7345:GAGGG"
"SHAPHC5271/SH/CHN/14","9:C;129:C;701:TT;746:CAAA"
"SHAPHC5287/SH/CHN/14","9:C;129:C;152:GCGCT;705:CT;746:AGT;7336:G"
"SHAPHC5307/SH/CHN/14","9:C;129:C;701:TT;746:TAAA;7332:GAGGC"
"SHAPHC5330/SH/CHN/14","9:C;129:C;152:GCGCT;706:TT;746:AACT;7337:G"
"SHAPHC5365/SH/CHN/14","9:C;129:C;701:TT;746:CAAA;7334:GGT"
"SHAPHC5427/SH/CHN/14","9:C;129:C;706:CTGTG;749:TAAA;5429:AC;6369:GATGTGAGTAAA;7351:GGG"
"SHAPHC5432/SH/CHN/14","9:C;99:CAG;132:C;706:T;735:ACC;751:TAAA;7337:G"
"SHAPHC5468/SH/CHN/14","9:C;129:C;701:TT;746:TAAA;7332:G"
"SHAPHC5510/SH/CHN/14","9:C;99:CAG;132:C;706:T;725:TATCCTGACC;7340:G"
"SHAPHC5589/SH/CHN/14","9:C;129:C;701:TT;726:C;747:TAAA;7333:G"
"SI/Isehara/Japan/99","9:C;91:TT;131:AC;744:TT"
"SI01/TH_NMA_/06","98:CAG;131:T;703:GT;742:CAT;5350:TAGA"
"SiICRC_13/TH/2011","9:C;64:A;121:TT;704:T;744:TC;4137:A"
"SiICRC01/TH/2012","63:A;120:TT;703:T;743:TC;4136:A"
"SiICRC01/TH/2013","63:A;120:TT;710:AC;744:TC;4137:A"
"SiICRC01/TH/2014","125:C;151:GCGCT;705:TT;746:GCT;7335:G"
"SiICRC02/TH/2012","63:A;120:TT;703:T;743:TC;4136:A"
"SiICRC02/TH/2013","9:C;83:T;130:AC;705:T;740:TCA"
"SiICRC03/TH/2012","63:A;120:TT;703:T;743:TC;4136:A"
"SiICRC04/TH/2012","9:C;64:A;121:TT;704:T;734:ACC;747:TC;4140:A"
"SiICRC04/TH/2013","63:A;120:TT;703:T;743:TC;4136:A"
"SiICRC05/TH/2012","63:A;120:TT;703:T;733:ACC;746:TC;4139:A"
"SiICRC05/TH/2013","9:C;64:A;121:TT;704:T;744:TC;4137:A;7065:C"
"SiICRC05/TH/2014","9:C;64:C;121:TT;704:T;744:TC;4137:A"
"SiICRC06/TH/2012","63:A;120:TT;703:T;733:ACC;746:TC;4139:A"
"SiICRC06/TH/2014","63:A;120:TT;703:T;741:AAT"
"SiICRC07/TH/2014","9:C;64:A;121:TT;704:T;744:TC;4137:A"
"SiICRC08/TH/2011","9:C;64:A;121:TT;711:AC;745:TC;4138:A"
"SiICRC08/TH/2014","128:C;708:C;737:CTTA;748:TAAA;7334:G"
"SiICRC09/TH/2012","119:TT;702:T;742:TC"
"SiICRC10/TH/2011","9:C;64:A;121:TT;711:AC;745:TC;4138:A"
"SiICRC10/TH/2012","119:TT;702:T;742:TC"
"SiICRC11/TH/2012","63:A;120:TT;742:TC"
"SiICRC15/TH/2011","9:C;64:A;121:TT;704:T;744:TC;4137:A"
"SiICRC16/TH/2011","63:A;120:TT;710:AC;744:TC;4137:A"
"SilCRC03/TH/2013","63:A;120:TT;703:T;743:TC;4136:A"
"Siriraj01/TH/08","125:T;702:TCT;740:CAT;5669:G;5672:CA"
"STU546711","9:C;129:AT;740:AGT;3818:T;4619:T;4700:T"
"STU562356","9:C;129:AC;732:ACC;743:AGT;3821:C;6362:GCGATGTTAG"
"Sydney03",""
"Sydney05",""
"Sydney09",""
"Sydney11",""
"Sydney14",""
"Sydney18",""
"Sydney20",""
"Sydney30",""
"Sydney56",""
"Sydney57","6340:TG"
"Sydney60",""
"Taiwan/1998_20998","128:AC;688:AT;703:G;744:TC"
"TLLalpha","9:C;119:AT;703:T;720:CT;743:AGT"
"TLLalpha_P20","9:C;64:A;120:AT;704:T;721:CT;744:AGT"
"TLLbeta","9:C;119:AT;703:T;720:CT;743:AGT"
"TLLbeta_P20","9:C;64:A;120:AT;704:T;721:CT;744:AGT"
"TLLeC5","9:C;64:A;120:AT;704:T;721:CT;744:AGT"
"TLLeCA16","9:C;64:A;120:AT;704:T;721:CT;744:AGT;938:A;1442:TGA;1953:G;1964:CG;2532:ATTGCAAGTACT;2680:CA;2771:AGG;2784:ACAGAT;2847:C;3177:TAGCATTAG"
"TW_00073_2012","9:C;129:C;701:T;722:TATCTTGACC"
"TW_00184_2012","9:C;129:C;701:TT;723:TATCTTGACC"
"TW_00583_2012","9:C;129:CT;702:G;733:ACC;746:TT"
"TW_00921_2015","9:C;64:A;121:TT;704:T;744:TC;4137:A"
"TW_00998_2005","9:C;89:A;130:C;703:TC;747:TAAA;7344:ATA"
"TW_01100_2010","9:C;99:CAG;132:C;713:T;748:TAAA;7334:G"
"TW_01112_2012","9:C;120:TT;703:T;733:ACC;746:TT"
"TW_01361_2005","9:C;129:C;701:GT;746:TAAA;7343:ATA"
"TW_01387_2010","9:C;99:CAG;132:C;713:T;748:TAAA;7334:G"
"TW_01414_2012","9:C;129:CT;703:T;733:ACC;746:TT"
"TW_01485_2012","9:C;120:TT;703:T;733:ACC;746:TT"
"TW_01641_2005","9:C;129:C;701:GT;746:TAAA;7343:ATA"
"TW_01709_2010","9:C;99:CAG;132:C;713:T;748:TAAA;7334:G"
"TW_01744_2012","9:C;129:CT;703:T;733:ACC;746:TT"
"TW_01788_2012","9:C;120:TT;703:T;733:ACC;746:TT;7383:C"
"TW_01807_2012","9:C;129:CT;701:G;733:ACC;746:TT"
"TW_01889_2012","9:C;129:CT;703:T;733:ACC;744:AATT;7385:C"
"TW_01904_2012","9:C;129:CT;703:T;733:ACC;746:TT"
"TW_01952_2005","9:C;129:C;701:GT;746:TAAA;7343:ATA"
"TW_01963_2012","9:C;129:CT;703:T;733:ACC;746:TT"
"TW_02131_2012","9:C;129:CT;703:T;733:ACC;746:TT"
"TW_02182_2010","9:C;99:CAG;132:C;713:T;748:TAAA;7334:G"
"TW_02314_2012","9:C;129:CT;703:T;733:ACC;746:TT"
"TW_02369_2012","9:C;129:CT;703:T;733:ACC;746:TT"
"TW_02389_2008","9:C;64:A;121:TT;711:AC;745:TC"
"TW_02392_2016","9:C;129:C;710:T;722:TATCTTGACC"
"TW_02572_2012","9:C;129:CT;703:T;733:ACC;746:TT"
"TW_02659_2011","9:C;129:C;701:TT;746:TAAA;7332:G"
"TW_02664_2012","9:C;129:CT;703:T;733:ACC;746:TT"
"TW_02722_2008","9:C;64:A;121:TT;704:T;744:TC"
"TW_02876_2005","9:C;129:C;701:GT;746:TAAA;7343:ATA"
"TW_03112_2012","9:C;129:CT;703:T;733:ACC;746:TT"
"TW_03530_2011","9:C;129:CT;703:T;733:ACC;746:TT"
"TW_50144_2013","9:C;129:CT;703:T;733:ACC;746:TT"
"TW_50193_2012","9:C;129:CT;701:G;733:ACC;746:TT"
"TW_50234_2012","9:C;129:CT;703:T;733:ACC;746:TT"
"TW_50490_2012","9:C;129:CT;703:T;733:ACC;746:TT"
"TW_50558_2012","9:C;129:CT;701:G;733:ACC;746:TT"
"TW_50601_2012","9:C;129:CT;703:T;733:ACC;746:TT;3821:T"
"TW_50681_2012","9:C;129:CT;703:T;733:ACC;746:TT"
"TW_50837_2016","9:C;129:C;710:T;740:AGT;7330:G"
"TW_50878_2012","9:C;129:CT;703:T;733:ACC;746:TT"
"TW_50995_2012","9:C;129:CT;703:T;733:ACC;746:TT"
"TW_50996_2015","9:C;129:C;710:T;740:AGT;7330:G"
"TW_51010_2012","9:C;129:CT;703:T;733:ACC;746:TT;4139:A"
"TW_51031_2015","9:C;64:A;121:TT;704:T;744:TC;4137:A"
"TW_51045_2012","9:C;129:CT;703:T;733:ACC;746:TT"
"TW_51126_2012","9:C;129:CT;703:T;733:ACC;744:AATT"
"TW_51135_2012","9:C;129:CT;706:G;733:ACC;746:TT"
"TW_70205_2005","9:C;89:A;130:C;702:GT;747:TAAA;7344:ATA"
"TW_70389_2008","9:C;64:A;121:TT;704:T;744:TC"
"TW_70521_2005","9:C;89:A;130:C;702:GT;747:TAAA;7344:ATA"
"TW_70751_2005","9:C;89:A;130:C;702:GT;747:TAAA;7344:ATA;7386:C"
"TW_70954_2008","9:C;64:A;121:TT;704:T;744:TT"
"TW_71215_2011","9:C;129:C;701:TT;723:TATCTTGACC"
"TW_71379_2008","9:C;64:A;121:TT;704:T;744:TC"
"TW_71650_2011","9:C;129:CT;703:T;733:ACC;746:TT"
"TW_71680_2008","9:C;64:A;121:TT;704:T;744:TC"
"TW_72031_2008","9:C;64:A;121:TT;704:T;734:ACC;747:TC"
"TW_72043_2007","9:C;95:TT;131:AT;704:GT;736:AAC;743:AT"
"TW_72219_2008","9:C;120:TT;703:TC;744:TC"
"TW_72523_2008","9:C;64:A;121:TT;711:AC;745:TC"
"TW_96050_2010","9:C;99:CAG;132:C;713:T;731:G;749:TAAA;7335:G"
"TW_96102_2005","9:C;89:A;130:C;702:GT;747:TAAA;7344:ATA"
"USA/2016/19519","701:T;740:TC"
"USA/2016/19522","709:T;716:GCAC;734:TGAAA;7065:T;7334:AGAGGCC"
"USA/2018_23092","128:AT;731:ACC;742:AGT;3820:T"
"USA/2018_23124","89:AC;130:CT;713:T;718:TGA;723:C;737:GTGAA;7337:AGAGGCC"
"USA/2018_23296","9:C;90:AC;131:CT;714:T;719:TGA;724:C;738:GTGAA;7338:AGAGGCC"
"USA/2018_23297","9:C;129:CT;689:ATTA;698:CACAT;7335:AGAGGCC"
"USA/2018_23298","9:C;129:CT;712:T;717:TGA;722:C;736:GTGAA;7336:AGAGGCC"
"USA/AK/2016_19516","82:T;129:AC;181:T;690:AT;705:G;746:TC"
"USA/CO/2018_23026","686:ATTA;695:CACAT;7332:AGAGGCC"
"Xiangyang_Hubei_09","5418:GC"
"Y90_3896","9:C;96:C;119:TG;741:AGT"
